Case,feature,feature_value,shap_value,,R0,feature,feature_value,shap_value
,City internal flow,22213.59207,-2.7723496,,,ILI,0,-0.003705741
,Wuhan flow_lag,525.8981866,-68.49813,,,City internal flow index_lag,2.059971429,-0.00492271
,Lowest Temperature,2.31944,-1.0748818,,,City internal flow_lag,16899.73612,5.37E-05
,Relative Humidity,42.86111,2.6818345,,,non-Hubei flow_lag,20642.87314,0.031810902
,Density,1167,1.959722,,,Hubei/non Wuhan flow_lag,2012.785982,-0.017596465
,Doctors,94417,3.8127563,,,Density,1167,0.04188687
,feature,feature_value,shap_value,,,Doctors,94417,0.059490412
,City internal flow,20160.13533,-3.2084925,,,feature,feature_value,shap_value
,Wuhan flow_lag,153.1901472,-70.06034,,,ILI,0,-0.018810071
,Lowest Temperature,2.61111,-1.0748818,,,City internal flow index_lag,1.935428571,-0.007330655
,Relative Humidity,49.26736,2.1478627,,,City internal flow_lag,10803.36813,-0.004928901
,Density,1085,0.84969884,,,non-Hubei flow_lag,7997.338286,0.004820258
,Doctors,41127,-0.119398475,,,Hubei/non Wuhan flow_lag,1110.747639,-0.02163178
,feature,feature_value,shap_value,,,Density,1085,-0.06977145
,City internal flow,12818.58052,-3.2476184,,,Doctors,41127,0.00412744
,Wuhan flow_lag,88.16194445,-70.14397,,,feature,feature_value,shap_value
,Lowest Temperature,4.44444,-1.0748818,,,ILI,0.011572731,-0.016061574
,Relative Humidity,47.66667,2.1478627,,,City internal flow index_lag,2.061171429,-0.006459537
,Density,617,-0.56844044,,,City internal flow_lag,7973.936305,-0.004928901
,Doctors,34487,-0.119398475,,,non-Hubei flow_lag,4575.852,0.005230619
,feature,feature_value,shap_value,,,Hubei/non Wuhan flow_lag,181.1460732,-0.022021208
,City internal flow,14122.01662,-3.2476184,,,Density,617,-0.076971464
,Wuhan flow_lag,0,-70.14397,,,Doctors,34487,0.005119122
,Lowest Temperature,1.44444,-1.0748818,,,feature,feature_value,shap_value
,Relative Humidity,49.66667,2.1478627,,,ILI,0.005900824,-0.026033014
,Density,548,-0.56844044,,,City internal flow index_lag,2.311871429,-0.006059432
,Doctors,18690,-0.119398475,,,City internal flow_lag,7916.777555,-0.004738496
,feature,feature_value,shap_value,,,non-Hubei flow_lag,2915.490857,0.005391835
,City internal flow,17563.56001,-3.2476184,,,Hubei/non Wuhan flow_lag,42.09286209,-0.010317709
,Wuhan flow_lag,80.998061,-70.14397,,,Density,548,-0.07822896
,Lowest Temperature,4.77778,-1.0748818,,,Doctors,18690,-0.005029799
,Relative Humidity,53.16667,2.1478627,,,feature,feature_value,shap_value
,Density,726,-0.56844044,,,ILI,0.015948226,-0.017484322
,Doctors,20836,-0.119398475,,,City internal flow index_lag,2.542157143,-0.00621161
,feature,feature_value,shap_value,,,City internal flow_lag,12062.55066,-0.004738496
,City internal flow,7413.290858,-2.845989,,,non-Hubei flow_lag,3448.887429,0.005264097
,Wuhan flow_lag,13.09667159,-70.05501,,,Hubei/non Wuhan flow_lag,434.617972,-0.022443142
,Lowest Temperature,-4.88889,-1.0748818,,,Density,726,-0.076971464
,Relative Humidity,51.44444,2.1478627,,,Doctors,20836,-0.004455691
,Density,114,-1.1794454,,,feature,feature_value,shap_value
,Doctors,9401,0.032577053,,,ILI,0.020202001,-0.019543663
,feature,feature_value,shap_value,,,City internal flow index_lag,2.323928571,-0.00406414
,City internal flow,4605.566149,-3.0615575,,,City internal flow_lag,4520.562148,-0.000797115
,Wuhan flow_lag,1668.652412,-68.79265,,,non-Hubei flow_lag,1463.091429,-0.009146283
,Lowest Temperature,2.33333,-1.0748818,,,Hubei/non Wuhan flow_lag,34.10351707,-0.018181123
,Relative Humidity,53.77778,2.6818345,,,Density,114,-0.06874598
,Density,189,-1.3997622,,,Doctors,9401,-8.91E-05
,Doctors,7129,0.032577053,,,feature,feature_value,shap_value
,feature,feature_value,shap_value,,,ILI,0.029381198,0.033277906
,City internal flow,16796.77707,-2.8496068,,,City internal flow index_lag,2.153014286,-0.004929271
,Wuhan flow_lag,2.745440368,-70.05858,,,City internal flow_lag,2898.042318,-0.003876581
,Lowest Temperature,-1.44444,-1.0748818,,,non-Hubei flow_lag,5468.934857,0.00610357
,Relative Humidity,73.05556,2.1478627,,,Hubei/non Wuhan flow_lag,6595.136027,-0.072425306
,Density,160,-1.1794454,,,Density,189,-0.077628516
,Doctors,5659,-0.39678493,,,Doctors,7129,-0.001152856
,feature,feature_value,shap_value,,,feature,feature_value,shap_value
,City internal flow,4512.538569,-2.6478853,,,ILI,0.035060424,0.5593558
,Wuhan flow_lag,10.85559234,-67.39004,,,City internal flow index_lag,2.902457143,-0.011957214
,Lowest Temperature,-8.44444,-1.0748818,,,City internal flow_lag,4363.416192,-0.000367797
,Relative Humidity,86.44444,-0.88025326,,,non-Hubei flow_lag,580.4520538,-0.000113587
,Density,145,-1.2741735,,,Hubei/non Wuhan flow_lag,13.50230536,0.7139635
,Doctors,6007,0.032577053,,,Density,160,1.5986092
,feature,feature_value,shap_value,,,Doctors,5659,6.31E-05
,City internal flow,4511.18576,-2.6478853,,,feature,feature_value,shap_value
,Wuhan flow_lag,24.60329666,-67.3913,,,ILI,0.010707734,-0.14586052
,Lowest Temperature,-13,-1.0748818,,,City internal flow index_lag,2.234471429,-0.035922706
,Relative Humidity,92.44444,-0.88025326,,,City internal flow_lag,2167.237948,-0.001871334
,Density,200,-1.2741735,,,non-Hubei flow_lag,602.2409268,-0.002532213
,Doctors,22000,-0.119398475,,,Hubei/non Wuhan flow_lag,4.865712677,0.14684074
,feature,feature_value,shap_value,,,Density,145,-0.0824151
,City internal flow,57747.18619,-3.154884,,,Doctors,6007,-8.91E-05
,Wuhan flow_lag,295.114337,-71.41267,,,feature,feature_value,shap_value
,Lowest Temperature,9.72222,0.35829395,,,ILI,0.043050311,0.041677535
,Relative Humidity,68.22569,2.1478627,,,City internal flow index_lag,1.361071429,-0.001633218
,Density,3631,1.93595,,,City internal flow_lag,4159.744641,-0.003480034
,Doctors,67907,-0.119398475,,,non-Hubei flow_lag,2665.918286,0.004329197
,feature,feature_value,shap_value,,,Hubei/non Wuhan flow_lag,72.93459159,-0.06711966
,City internal flow,13676.53671,-2.9687245,,,Density,200,-0.08490843
,Wuhan flow_lag,195.6545774,-68.95348,,,Doctors,22000,-0.005618217
,Lowest Temperature,9.66667,0.35829395,,,feature,feature_value,shap_value
,Relative Humidity,76.44444,-0.79806554,,,ILI,0,-0.043639995
,Density,672,-0.52379405,,,City internal flow index_lag,2.415385714,-0.004405146
,Doctors,8702,0.032577053,,,City internal flow_lag,27134.46747,-0.000106314
,feature,feature_value,shap_value,,,non-Hubei flow_lag,18986.16857,0.013592047
,City internal flow,10802.91814,-3.2512362,,,Hubei/non Wuhan flow_lag,5150.755244,-0.011039619
,Wuhan flow_lag,12.04032051,-70.14628,,,Density,3631,0.24370305
,Lowest Temperature,8.88889,-1.0748818,,,Doctors,67907,0.004705629
,Relative Humidity,72.22222,2.1478627,,,feature,feature_value,shap_value
,Density,753,-0.56844044,,,ILI,0,-0.012387985
,Doctors,4756,-0.39678493,,,City internal flow index_lag,2.7124,-0.004189479
,feature,feature_value,shap_value,,,City internal flow_lag,5646.507833,-0.000709889
,City internal flow,15021.0106,-2.9687245,,,non-Hubei flow_lag,2143.398857,-0.006116497
,Wuhan flow_lag,26.36146355,-68.9101,,,Hubei/non Wuhan flow_lag,410.5363847,-0.021202903
,Lowest Temperature,13,0.35829395,,,Density,672,-0.07983348
,Relative Humidity,76.5,-0.79806554,,,Doctors,8702,-0.000737792
,Density,585,-0.56844044,,,feature,feature_value,shap_value
,Doctors,20417,-0.119398475,,,ILI,0,-0.013925833
,feature,feature_value,shap_value,,,City internal flow index_lag,2.584628571,-0.006143432
,City internal flow,8140.560027,-3.2512362,,,City internal flow_lag,3098.479581,-0.001953632
,Wuhan flow_lag,19.85429043,-71.57944,,,non-Hubei flow_lag,1421.202857,-0.005962782
,Lowest Temperature,14.22222,0.35829395,,,Hubei/non Wuhan flow_lag,74.17609591,-0.00904492
,Relative Humidity,71.27778,2.1478627,,,Density,753,-0.07920382
,Density,675,-0.56844044,,,Doctors,4756,-0.001687707
,Doctors,5376,-0.39678493,,,feature,feature_value,shap_value
,feature,feature_value,shap_value,,,ILI,0.017313683,-0.01748907
,City internal flow,20199.09765,-3.2476184,,,City internal flow index_lag,2.146014286,-0.006122129
,Wuhan flow_lag,33.9022773,-71.577126,,,City internal flow_lag,6618.249312,-0.003684338
,Lowest Temperature,15.77778,0.35829395,,,non-Hubei flow_lag,5480.321143,0.005364158
,Relative Humidity,69.5,2.1478627,,,Hubei/non Wuhan flow_lag,519.1661171,-0.022443142
,Density,723,-0.56844044,,,Density,585,-0.07695279
,Doctors,15903,-0.119398475,,,Doctors,20417,-0.004607867
,feature,feature_value,shap_value,,,feature,feature_value,shap_value
,City internal flow,4976.295225,-2.9203396,,,ILI,0.030442316,0.034235343
,Wuhan flow_lag,361.7483575,-68.95539,,,City internal flow index_lag,2.347414286,-0.004925876
,Lowest Temperature,12,0.35829395,,,City internal flow_lag,3032.962698,-0.001855328
,Relative Humidity,80.27778,-0.88025326,,,non-Hubei flow_lag,1385.377714,-0.004857534
,Density,616,-0.48934752,,,Hubei/non Wuhan flow_lag,119.2187924,-0.07417159
,Doctors,14143,-0.119398475,,,Density,675,-0.075036146
,feature,feature_value,shap_value,,,Doctors,5376,-0.000982566
,City internal flow,30703.41686,-3.2476184,,,feature,feature_value,shap_value
,Wuhan flow_lag,77.58581675,-70.14397,,,ILI,0.033014187,0.03402749
,Lowest Temperature,-0.66667,-1.0748818,,,City internal flow index_lag,2.225871429,-0.005126804
,Relative Humidity,74.11111,2.1478627,,,City internal flow_lag,8057.548562,-0.004861536
,Density,750,-0.56844044,,,non-Hubei flow_lag,5772.06,0.005243557
,Doctors,30867,-0.119398475,,,Hubei/non Wuhan flow_lag,481.6352154,-0.074898735
,feature,feature_value,shap_value,,,Density,723,-0.076816715
,City internal flow,14227.93803,-3.2476184,,,Doctors,15903,-0.004607867
,Wuhan flow_lag,84.49862363,-70.14397,,,feature,feature_value,shap_value
,Lowest Temperature,3.77778,-1.0748818,,,ILI,0.014202139,-0.016848763
,Relative Humidity,56.88889,2.1478627,,,City internal flow index_lag,1.566642857,0.002680183
,Density,752,-0.56844044,,,City internal flow_lag,2510.338061,-0.004146114
,Doctors,14452,-0.119398475,,,non-Hubei flow_lag,4447.177714,0.005891718
,feature,feature_value,shap_value,,,Hubei/non Wuhan flow_lag,730.2795675,-0.0328886
,City internal flow,12761.87653,-3.2476184,,,Density,616,-0.075952314
,Wuhan flow_lag,18.07877529,-70.14397,,,Doctors,14143,-0.004607867
,Lowest Temperature,5.33333,-1.0748818,,,feature,feature_value,shap_value
,Relative Humidity,60.61111,2.1478627,,,ILI,0.072786641,0.047307026
,Density,707,-0.56844044,,,City internal flow index_lag,2.720642857,-0.004644732
,Doctors,21605,-0.119398475,,,City internal flow_lag,14112.34769,-0.005227384
,feature,feature_value,shap_value,,,non-Hubei flow_lag,7201.131429,0.005243557
,City internal flow,6594.721038,-3.2476184,,,Hubei/non Wuhan flow_lag,370.1307194,-0.075571075
,Wuhan flow_lag,0,-70.14397,,,Density,750,-0.083795026
,Lowest Temperature,3.44444,-1.0748818,,,Doctors,30867,-0.004497884
,Relative Humidity,60.88889,2.1478627,,,feature,feature_value,shap_value
,Density,700,-0.56844044,,,ILI,0.032432842,0.03270824
,Doctors,13535,-0.119398475,,,City internal flow index_lag,2.753442857,-0.004960804
,feature,feature_value,shap_value,,,City internal flow_lag,7390.577748,-0.004861536
,City internal flow,11078.04608,-3.2476184,,,non-Hubei flow_lag,2429.398286,0.004387961
,Wuhan flow_lag,759.4236915,-68.740776,,,Hubei/non Wuhan flow_lag,29.70242223,-0.062382136
,Lowest Temperature,7.22222,-1.0748818,,,Density,752,-0.07684741
,Relative Humidity,68.5,2.6818345,,,Doctors,14452,-0.004877623
,Density,376,-0.5026866,,,feature,feature_value,shap_value
,Doctors,17993,-0.119398475,,,ILI,0.022048904,-0.017678594
,feature,feature_value,shap_value,,,City internal flow index_lag,2.288742857,-0.006059432
,City internal flow,7879.81077,-3.2476184,,,City internal flow_lag,8260.757568,-0.004579785
,Wuhan flow_lag,481.485705,-69.55338,,,non-Hubei flow_lag,2940.346286,0.005242009
,Lowest Temperature,8,-1.0748818,,,Hubei/non Wuhan flow_lag,112.6009058,-0.022043297
,Relative Humidity,71.77778,2.3729882,,,Density,707,-0.07689173
,Density,351,-0.513646,,,Doctors,21605,-0.005029799
,Doctors,9940,0.032577053,,,feature,feature_value,shap_value
,feature,feature_value,shap_value,,,ILI,0.023860757,-0.017836833
,City internal flow,1938.203914,12.220016,,,City internal flow index_lag,2.069971429,-0.006235593
,Wuhan flow_lag,99999,3663.1707,,,City internal flow_lag,4473.514084,-0.001935753
,Lowest Temperature,11.77778,0.35829395,,,non-Hubei flow_lag,1664.665714,-0.00651534
,Relative Humidity,71.88889,2.3816473,,,Hubei/non Wuhan flow_lag,49.13909283,-0.010935766
,Density,1049,0.5028537,,,Density,700,-0.07515085
,Doctors,36266,-0.034644857,,,Doctors,13535,-0.005029799
,feature,feature_value,shap_value,,,feature,feature_value,shap_value
,City internal flow,836.281233,5.943947,,,ILI,0.040983696,0.04765146
,Wuhan flow_lag,5488.621992,-41.151245,,,City internal flow index_lag,2.025271429,-0.005640908
,Lowest Temperature,10.66667,2.1796212,,,City internal flow_lag,7616.058438,-0.003596493
,Relative Humidity,78.33333,-2.0141358,,,non-Hubei flow_lag,1968.114857,-0.006895223
,Density,528,0.1963342,,,Hubei/non Wuhan flow_lag,26190.2656,-0.06553328
,Doctors,6070,0.10882292,,,Density,376,-0.08020066
,feature,feature_value,shap_value,,,Doctors,17993,-0.005154397
,City internal flow,1144.142645,6.480726,,,feature,feature_value,shap_value
,Wuhan flow_lag,7291.807607,-58.83819,,,ILI,0.034614593,0.041639715
,Lowest Temperature,6.77778,-6.538864,,,City internal flow index_lag,2.163942857,-0.004925876
,Relative Humidity,68.94444,3.5913212,,,City internal flow_lag,5618.461419,-0.000611584
,Density,136,-1.7738041,,,non-Hubei flow_lag,1470.265714,-0.006709531
,Doctors,9469,0.10882292,,,Hubei/non Wuhan flow_lag,5419.653212,-0.07269479
,feature,feature_value,shap_value,,,Density,351,-0.08120918
,City internal flow,1800.981005,21.254253,,,Doctors,9940,-0.001317629
,Wuhan flow_lag,10645.76234,-51.440086,,,feature,feature_value,shap_value
,Lowest Temperature,9.88889,2.1796212,,,ILI,0.039039011,0.049098447
,Relative Humidity,75,-1.5505242,,,City internal flow index_lag,0.597528571,0.12418271
,Density,190,-1.9227604,,,City internal flow_lag,1928.077959,0.005050917
,Doctors,10919,-0.052626252,,,non-Hubei flow_lag,3615.978857,0.007644431
,feature,feature_value,shap_value,,,Hubei/non Wuhan flow_lag,191003.7333,-0.06683232
,City internal flow,2120.179186,-1.917488,,,Density,1049,-0.05130412
,Wuhan flow_lag,7105.31764,-59.046265,,,Doctors,36266,0.010876868
,Lowest Temperature,8.66667,-6.538864,,,feature,feature_value,shap_value
,Relative Humidity,67.33333,2.6818345,,,ILI,0.003361774,-0.004723052
,Density,275,-0.21216342,,,City internal flow index_lag,1.278828571,0.005593364
,Doctors,13934,-0.119398475,,,City internal flow_lag,879.8577068,0.022610324
,feature,feature_value,shap_value,,,non-Hubei flow_lag,583.78918,-0.024791922
,City internal flow,15.86919976,16.175516,,,Hubei/non Wuhan flow_lag,27372.41866,-0.024078855
,Wuhan flow_lag,9016.445995,-50.56689,,,Density,528,-0.076671965
,Lowest Temperature,12.33333,2.1796212,,,Doctors,6070,-0.001719979
,Relative Humidity,76.88889,-1.5505242,,,feature,feature_value,shap_value
,Density,647,0.24771218,,,ILI,0.036818737,0.039250027
,Doctors,2236,-0.27314627,,,City internal flow index_lag,1.181414286,0.005396157
,feature,feature_value,shap_value,,,City internal flow_lag,1102.512959,0.022906698
,City internal flow,1542.260145,35.486004,,,non-Hubei flow_lag,550.2908571,-0.0265717
,Wuhan flow_lag,5382.660107,-18.57903,,,Hubei/non Wuhan flow_lag,8083.564349,-0.08792753
,Lowest Temperature,9.66667,2.1796212,,,Density,136,-0.07691734
,Relative Humidity,74.27778,3.5913212,,,Doctors,9469,-0.001444972
,Density,233,7.211595,,,feature,feature_value,shap_value
,Doctors,7297,0.10882292,,,ILI,0.025968546,0.030888937
,feature,feature_value,shap_value,,,City internal flow index_lag,1.448371429,0.000284797
,City internal flow,2055.632404,23.165787,,,City internal flow_lag,1751.416992,0.02250867
,Wuhan flow_lag,31041.18115,32.41793,,,non-Hubei flow_lag,902.5714286,-0.02358567
,Lowest Temperature,10.33333,2.1796212,,,Hubei/non Wuhan flow_lag,38803.44697,-0.06896923
,Relative Humidity,72.38889,30.631508,,,Density,190,-0.07664573
,Density,523,0.24004549,,,Doctors,10919,-0.000899173
,Doctors,8781,0.09934928,,,feature,feature_value,shap_value
,feature,feature_value,shap_value,,,ILI,0.071846028,0.043851227
,City internal flow,2888.440301,-1.5967752,,,City internal flow index_lag,1.321757143,0.003513541
,Wuhan flow_lag,13625.95048,-5.153161,,,City internal flow_lag,2105.252743,-0.002995985
,Lowest Temperature,9.55556,2.1796212,,,non-Hubei flow_lag,969.5931429,-0.006722912
,Relative Humidity,77.55556,-10.268392,,,Hubei/non Wuhan flow_lag,29428.43586,-0.06856039
,Density,415,-0.16078538,,,Density,275,-0.08517909
,Doctors,12639,-0.119398475,,,Doctors,13934,-0.0047209
,feature,feature_value,shap_value,,,feature,feature_value,shap_value
,City internal flow,3755.25867,-6.572466,,,ILI,0.008252654,-0.016975258
,Wuhan flow_lag,42739.61422,-9.443534,,,City internal flow index_lag,1.026471429,0.049010534
,Lowest Temperature,12.33333,2.1796212,,,City internal flow_lag,16.60763698,0.022575365
,Relative Humidity,76.88889,-10.186204,,,non-Hubei flow_lag,415.788,-0.02427834
,Density,382,-0.16078538,,,Hubei/non Wuhan flow_lag,17503.00528,-0.02887625
,Doctors,13400,-0.119398475,,,Density,647,-0.06896655
,feature,feature_value,shap_value,,,Doctors,2236,-0.003331168
,City internal flow,1160.623409,6.7768755,,,feature,feature_value,shap_value
,Wuhan flow_lag,13189.22863,-5.4443173,,,ILI,0.013129706,-0.015708404
,Lowest Temperature,12,2.1796212,,,City internal flow index_lag,1.686,0.003447422
,Relative Humidity,78.44444,-11.027533,,,City internal flow_lag,1563.37816,0.0225982
,Density,257,1.0662874,,,non-Hubei flow_lag,772.2308571,-0.02348479
,Doctors,6743,0.10882292,,,Hubei/non Wuhan flow_lag,24960.49315,-0.023482641
,feature,feature_value,shap_value,,,Density,233,-0.07548174
,City internal flow,782.2728767,7.3399568,,,Doctors,7297,-0.000773762
,Wuhan flow_lag,3267.51563,-63.851902,,,feature,feature_value,shap_value
,Lowest Temperature,9.44444,0.35829395,,,ILI,0.02066956,-0.017076744
,Relative Humidity,71.83333,3.5913212,,,City internal flow index_lag,1.425228571,0.003094165
,Density,229,-0.82369465,,,City internal flow_lag,2028.666697,-0.003273
,Doctors,4268,-0.5469665,,,non-Hubei flow_lag,1047.342054,-0.005459356
,feature,feature_value,shap_value,,,Hubei/non Wuhan flow_lag,24559.60114,-0.024022106
,City internal flow,3862.042958,-2.1114197,,,Density,523,-0.074532464
,Wuhan flow_lag,12121.99263,-57.121574,,,Doctors,8781,-0.000627276
,Lowest Temperature,7.88889,-6.538864,,,feature,feature_value,shap_value
,Relative Humidity,88.16667,-1.2549948,,,ILI,0.019396859,-0.016709905
,Density,145,-1.5948138,,,City internal flow index_lag,1.612857143,0.004478846
,Doctors,8100,0.032577053,,,City internal flow_lag,2881.93718,-0.001846224
,feature,feature_value,shap_value,,,non-Hubei flow_lag,1334.185714,-0.005237487
,City internal flow,448.298984,-4.6119256,,,Hubei/non Wuhan flow_lag,28348.68546,-0.023732668
,Wuhan flow_lag,5552.582174,-51.244247,,,Density,415,-0.07432953
,Lowest Temperature,11.11111,2.1796212,,,Doctors,12639,0.004821113
,Relative Humidity,77.27778,-2.0141358,,,feature,feature_value,shap_value
,Density,541,0.1963342,,,ILI,0.05564478,0.0503874
,Doctors,2736,-0.5469665,,,City internal flow index_lag,1.795742857,-0.004287859
,feature,feature_value,shap_value,,,City internal flow_lag,3789.665682,-0.001541544
,City internal flow,361.6535346,1.8829155,,,non-Hubei flow_lag,1255.361143,-0.005230779
,Wuhan flow_lag,2035.721322,-68.07722,,,Hubei/non Wuhan flow_lag,18518.66083,-0.06475329
,Lowest Temperature,10.44444,0.35829395,,,Density,382,-0.08091033
,Relative Humidity,76.77778,-1.5505242,,,Doctors,13400,0.00485902
,Density,487,0.02288141,,,feature,feature_value,shap_value
,Doctors,2546,-0.5469665,,,ILI,0.025572543,0.030512437
,feature,feature_value,shap_value,,,City internal flow index_lag,1.510928571,0.000196571
,City internal flow,1006.013209,7.09781,,,City internal flow_lag,1135.90569,0.02250867
,Wuhan flow_lag,4205.968907,-62.122513,,,non-Hubei flow_lag,527.6550482,-0.022985248
,Lowest Temperature,10.55556,0.35829395,,,Hubei/non Wuhan flow_lag,8205.4084,-0.07616047
,Relative Humidity,75.33333,-1.5505242,,,Density,257,-0.076487675
,Density,544,0.02288141,,,Doctors,6743,-0.000841595
,Doctors,2549,-0.5469665,,,feature,feature_value,shap_value
,feature,feature_value,shap_value,,,ILI,0.006083401,-0.01604943
,City internal flow,50.16844353,-0.1726176,,,City internal flow index_lag,1.236485714,0.005622012
,Wuhan flow_lag,151.4029615,-68.39915,,,City internal flow_lag,754.3999567,0.0225982
,Lowest Temperature,5.22222,-1.0748818,,,non-Hubei flow_lag,351.1689037,-0.02427834
,Relative Humidity,77.05556,-1.6393939,,,Hubei/non Wuhan flow_lag,13688.47706,-0.031211551
,Density,23,-1.9683641,,,Density,229,-0.07636307
,Doctors,234,-0.5469665,,,Doctors,4268,-0.0033433
,feature,feature_value,shap_value,,,feature,feature_value,shap_value
,City internal flow,12664.55195,-2.8860824,,,ILI,0,-0.008982698
,Wuhan flow_lag,544.6910792,-68.4161,,,City internal flow index_lag,2.246385714,-0.004208872
,Lowest Temperature,13,0.35829395,,,City internal flow_lag,3800.687689,-0.001856866
,Relative Humidity,85.11111,-1.2549948,,,non-Hubei flow_lag,1131.037714,-0.008285821
,Density,328,-0.5026866,,,Hubei/non Wuhan flow_lag,15858.68364,-0.032364905
,Doctors,10620,-0.119398475,,,Density,145,-0.06888119
,feature,feature_value,shap_value,,,Doctors,8100,0.000382623
,City internal flow,11772.79339,-2.8860824,,,feature,feature_value,shap_value
,Wuhan flow_lag,137.5581069,-68.95394,,,ILI,0,-0.014519014
,Lowest Temperature,12.33333,0.35829395,,,City internal flow index_lag,1.374,0.002849872
,Relative Humidity,85.11111,-0.88025326,,,City internal flow_lag,460.7010145,0.022610324
,Density,551,-0.52379405,,,non-Hubei flow_lag,438.8829231,-0.023687504
,Doctors,7526,0.032577053,,,Hubei/non Wuhan flow_lag,11729.49307,-0.030307636
,feature,feature_value,shap_value,,,Density,541,-0.0787851
,City internal flow,21178.46473,-2.8860824,,,Doctors,2736,-0.001484595
,Wuhan flow_lag,74.00103622,-68.91056,,,feature,feature_value,shap_value
,Lowest Temperature,10.11111,0.35829395,,,ILI,0,-0.014380463
,Relative Humidity,85.55556,-0.88025326,,,City internal flow index_lag,1.331142857,0.00538478
,Density,299,-0.56844044,,,City internal flow_lag,361.2754312,0.022575365
,Doctors,15367,-0.119398475,,,non-Hubei flow_lag,382.4805046,-0.024899604
,feature,feature_value,shap_value,,,Hubei/non Wuhan flow_lag,15690.50491,-0.030173175
,City internal flow,22794.9676,-2.8860824,,,Density,487,-0.07875014
,Wuhan flow_lag,38.29832537,-68.91056,,,Doctors,2546,-0.003080414
,Lowest Temperature,11.22222,0.35829395,,,feature,feature_value,shap_value
,Relative Humidity,86.66667,-0.88025326,,,ILI,0,-0.016543565
,Density,339,-0.56844044,,,City internal flow index_lag,2.0401,-0.006112589
,Doctors,10996,-0.119398475,,,City internal flow_lag,993.7260761,0.022610324
,feature,feature_value,shap_value,,,non-Hubei flow_lag,497.4234251,-0.024068465
,City internal flow,48378.19016,-2.6423552,,,Hubei/non Wuhan flow_lag,21974.14544,-0.014086234
,Wuhan flow_lag,23.41257545,-68.882065,,,Density,544,-0.07843547
,Lowest Temperature,14,0.35829395,,,Doctors,2549,-0.001795854
,Relative Humidity,79.88889,-0.88025326,,,feature,feature_value,shap_value
,Density,231,-0.090191625,,,ILI,0,-0.00910395
,Doctors,12477,-0.119398475,,,City internal flow index_lag,1.770928571,-0.004682795
,feature,feature_value,shap_value,,,City internal flow_lag,45.13004081,0.02240558
,City internal flow,14348.71322,-3.154884,,,non-Hubei flow_lag,52.08102439,-0.026263114
,Wuhan flow_lag,377.6478764,-71.41267,,,Hubei/non Wuhan flow_lag,2985.870163,-0.0314066
,Lowest Temperature,21.55556,0.35829395,,,Density,23,-0.068778634
,Relative Humidity,57.5,2.1478627,,,Doctors,234,-0.001281448
,Density,1708,1.93595,,,feature,feature_value,shap_value
,Doctors,49747,-0.119398475,,,ILI,0.022344639,-0.017487537
,feature,feature_value,shap_value,,,City internal flow index_lag,2.417871429,-0.005847334
,City internal flow,12157.44405,-3.154884,,,City internal flow_lag,4512.120515,-0.003876581
,Wuhan flow_lag,447.5831123,-71.41267,,,non-Hubei flow_lag,2544.372,0.005590461
,Lowest Temperature,19.77778,0.35829395,,,Hubei/non Wuhan flow_lag,393.0231626,-0.022774462
,Relative Humidity,72.55556,2.1478627,,,Density,328,-0.0771029
,Density,5304,1.93595,,,Doctors,10620,-0.001152856
,Doctors,33299,-0.119398475,,,feature,feature_value,shap_value
,feature,feature_value,shap_value,,,ILI,0.035449121,0.041126568
,City internal flow,6499.18796,-3.2476184,,,City internal flow index_lag,3.150285714,-0.004686009
,Wuhan flow_lag,0,-71.57587,,,City internal flow_lag,6687.226142,-0.005227384
,Lowest Temperature,19.44444,0.35829395,,,non-Hubei flow_lag,3380.616,0.005301721
,Relative Humidity,68.83333,2.1478627,,,Hubei/non Wuhan flow_lag,321.8700792,-0.07567343
,Density,264,-0.56844044,,,Density,551,-0.08221473
,Doctors,7620,0.032577053,,,Doctors,7526,-0.001165452
,feature,feature_value,shap_value,,,feature,feature_value,shap_value
,City internal flow,15949.44702,-2.8897002,,,ILI,0.057744773,0.04738049
,Wuhan flow_lag,0,-68.91287,,,City internal flow index_lag,3.158914286,-0.005075637
,Lowest Temperature,18.66667,0.35829395,,,City internal flow_lag,13720.15341,-0.00501963
,Relative Humidity,78.55556,-0.88025326,,,non-Hubei flow_lag,2655.828,0.005429192
,Density,310,-0.56844044,,,Hubei/non Wuhan flow_lag,18088.895,-0.069817685
,Doctors,5201,-0.39678493,,,Density,299,-0.08678148
,feature,feature_value,shap_value,,,Doctors,15367,-0.005148686
,City internal flow,7735.566509,-3.154884,,,feature,feature_value,shap_value
,Wuhan flow_lag,174.9606314,-71.41267,,,ILI,0.034137557,0.039611675
,Lowest Temperature,21,0.35829395,,,City internal flow index_lag,2.949828571,-0.004686009
,Relative Humidity,57.88889,2.1478627,,,City internal flow_lag,8431.540322,-0.004840045
,Density,3335,1.93595,,,non-Hubei flow_lag,2763.997714,0.005137983
,Doctors,17506,-0.119398475,,,Hubei/non Wuhan flow_lag,553.9134121,-0.075509705
,feature,feature_value,shap_value,,,Density,339,-0.082750864
,City internal flow,13905.15437,-3.2476184,,,Doctors,10996,-0.001398656
,Wuhan flow_lag,47.82630299,-71.577126,,,feature,feature_value,shap_value
,Lowest Temperature,19,0.35829395,,,ILI,0.065439125,0.046089128
,Relative Humidity,72.72222,2.1478627,,,City internal flow index_lag,3.8941,-0.004686009
,Density,309,-0.56844044,,,City internal flow_lag,26776.26237,-0.00501963
,Doctors,23412,-0.119398475,,,non-Hubei flow_lag,2611.902857,0.005137983
,feature,feature_value,shap_value,,,Hubei/non Wuhan flow_lag,443.2564572,-0.0759634
,City internal flow,17421.97021,-2.4844534,,,Density,231,-0.0877454
,Wuhan flow_lag,88.55464589,-68.82286,,,Doctors,12477,-0.00136075
,Lowest Temperature,15.44444,0.35829395,,,feature,feature_value,shap_value
,Relative Humidity,77.5,-0.88025326,,,ILI,0.041543936,0.038982935
,Density,176,-1.1794454,,,City internal flow index_lag,1.6173,0.000747026
,Doctors,11614,-0.119398475,,,City internal flow_lag,7511.020773,-0.000435227
,feature,feature_value,shap_value,,,non-Hubei flow_lag,32261.55943,0.02079228
,City internal flow,20559.81307,-2.4844534,,,Hubei/non Wuhan flow_lag,4583.702579,-0.07348512
,Wuhan flow_lag,5.094078807,-68.8216,,,Density,1708,0.016040152
,Lowest Temperature,15.33333,0.35829395,,,Doctors,49747,0.01019166
,Relative Humidity,81.05556,-0.88025326,,,feature,feature_value,shap_value
,Density,113,-1.1794454,,,ILI,0.06799635,0.14429252
,Doctors,6286,0.032577053,,,City internal flow index_lag,1.360442857,0.008872381
,feature,feature_value,shap_value,,,City internal flow_lag,5077.663347,0.002213932
,City internal flow,44909.39721,-2.5035484,,,non-Hubei flow_lag,31971.024,0.023673946
,Wuhan flow_lag,532.8791248,-68.38255,,,Hubei/non Wuhan flow_lag,9455.412701,-0.0526648
,Lowest Temperature,10.56725,0.35829395,,,Density,5304,0.73155606
,Relative Humidity,81.03363,-1.2549948,,,Doctors,33299,0.008848185
,Density,350,-0.5000217,,,feature,feature_value,shap_value
,Doctors,68549,3.8127563,,,ILI,0.027005081,0.033855475
,feature,feature_value,shap_value,,,City internal flow index_lag,1.916742857,-0.00525094
,City internal flow,44115.26503,-2.9687245,,,City internal flow_lag,2822.648569,-0.003285124
,Wuhan flow_lag,14.35615497,-68.9101,,,non-Hubei flow_lag,1933.956,-0.006614466
,Lowest Temperature,11.77778,0.35829395,,,Hubei/non Wuhan flow_lag,83.08584473,-0.06297972
,Relative Humidity,75.22222,-0.79806554,,,Density,264,-0.076746315
,Density,495,-0.56844044,,,Doctors,7620,-0.000817792
,Doctors,13077,-0.119398475,,,feature,feature_value,shap_value
,feature,feature_value,shap_value,,,ILI,0.040242651,0.04397761
,City internal flow,15971.64649,-2.8860824,,,City internal flow index_lag,3.539657143,-0.004704239
,Wuhan flow_lag,1.616226614,-68.9093,,,City internal flow_lag,8805.346376,-0.003198334
,Lowest Temperature,10.77778,0.35829395,,,non-Hubei flow_lag,1295.444571,-0.006008578
,Relative Humidity,84.55556,-0.88025326,,,Hubei/non Wuhan flow_lag,81.72447976,-0.064259574
,Density,343,-0.56844044,,,Density,310,-0.08426727
,Doctors,6937,0.032577053,,,Doctors,5201,-0.001912686
,feature,feature_value,shap_value,,,feature,feature_value,shap_value
,City internal flow,14078.99605,-3.2512362,,,ILI,0.032683619,0.021593902
,Wuhan flow_lag,21.11377382,-71.57944,,,City internal flow index_lag,1.5502,-0.000928611
,Lowest Temperature,11.44444,0.35829395,,,City internal flow_lag,3954.750878,-0.013243083
,Relative Humidity,66.16667,2.1478627,,,non-Hubei flow_lag,32821.70914,-0.032682996
,Density,530,-0.56844044,,,Hubei/non Wuhan flow_lag,17423.37426,-0.07698715
,Doctors,5145,-0.39678493,,,Density,3335,-0.007243115
,feature,feature_value,shap_value,,,Doctors,17506,-0.005056163
,City internal flow,1026.305271,7.3920927,,,feature,feature_value,shap_value
,Wuhan flow_lag,0,-70.04862,,,ILI,0.037767083,0.042953752
,Lowest Temperature,-5.44444,-1.0748818,,,City internal flow index_lag,2.213271429,-0.005189502
,Relative Humidity,66.83333,3.0573494,,,City internal flow_lag,6389.198286,-0.003966439
,Density,7,-1.8216683,,,non-Hubei flow_lag,6064.169143,0.005343617
,Doctors,1690,-0.5469665,,,Hubei/non Wuhan flow_lag,580.1963354,-0.075571075
,feature,feature_value,shap_value,,,Density,309,-0.08453975
,City internal flow,3060.588255,-1.2549518,,,Doctors,23412,-0.004754333
,Wuhan flow_lag,0,-70.1415,,,feature,feature_value,shap_value
,Lowest Temperature,2,-1.0748818,,,ILI,0.055613586,0.046089128
,Relative Humidity,34.27778,2.1478627,,,City internal flow index_lag,2.867028571,-0.004686009
,Density,169,-1.5013884,,,City internal flow_lag,8724.819214,-0.00501963
,Doctors,8990,0.032577053,,,non-Hubei flow_lag,2583.483429,0.005137983
,feature,feature_value,shap_value,,,Hubei/non Wuhan flow_lag,410.7152295,-0.0759634
,City internal flow,3029.438879,-1.2604779,,,Density,176,-0.0877454
,Wuhan flow_lag,20.76807039,-70.14695,,,Doctors,11614,-0.00136075
,Lowest Temperature,0.77778,-1.0748818,,,feature,feature_value,shap_value
,Relative Humidity,38.33333,2.1478627,,,ILI,0.045455424,0.041432273
,Density,62,-1.5013884,,,City internal flow index_lag,3.381528571,-0.002902814
,Doctors,1866,-0.62321234,,,City internal flow_lag,10227.25084,-0.003183908
,feature,feature_value,shap_value,,,non-Hubei flow_lag,1184.266286,-0.008434896
,City internal flow,3757.448176,-0.35526514,,,Hubei/non Wuhan flow_lag,36.05093766,-0.071577914
,Wuhan flow_lag,26.46555309,-67.696266,,,Density,113,-0.07643357
,Lowest Temperature,17.57407,0.35829395,,,Doctors,6286,7.43E-05
,Relative Humidity,80.1142,-0.88025326,,,feature,feature_value,shap_value
,Density,6763,13.869268,,,ILI,0,-0.02003807
,Doctors,14651,-0.11397828,,,City internal flow index_lag,1.8767,-0.007456973
,,,,,,City internal flow_lag,20261.99704,-0.004928901
,,,,,,non-Hubei flow_lag,8110.738286,0.00516963
,,,,,,Hubei/non Wuhan flow_lag,29990.7187,-0.014657891
,,,,,,Density,350,-0.08037248
,,,,,,Doctors,68549,0.003357845
,,,,,,feature,feature_value,shap_value
,,,,,,ILI,0.041794103,0.04552766
,,,,,,City internal flow index_lag,3.079928571,-0.006760026
,,,,,,City internal flow_lag,13963.32765,-0.003406088
,,,,,,non-Hubei flow_lag,2024.583429,-0.006212681
,,,,,,Hubei/non Wuhan flow_lag,279.2028321,-0.075311475
,,,,,,Density,495,-0.08095091
,,,,,,Doctors,13077,0.001115901
,,,,,,feature,feature_value,shap_value
,,,,,,ILI,0.00986825,-0.017327277
,,,,,,City internal flow index_lag,2.6455,-0.005947984
,,,,,,City internal flow_lag,8016.78347,-0.002895709
,,,,,,non-Hubei flow_lag,1826.017714,-0.00619214
,,,,,,Hubei/non Wuhan flow_lag,266.8022987,-0.021715967
,,,,,,Density,343,-0.0764453
,,,,,,Doctors,6937,-0.000665614
,,,,,,feature,feature_value,shap_value
,,,,,,ILI,0.036554934,0.043403804
,,,,,,City internal flow index_lag,2.881985714,-0.004766937
,,,,,,City internal flow_lag,4557.023911,-0.000405208
,,,,,,non-Hubei flow_lag,1451.280951,-0.005125439
,,,,,,Hubei/non Wuhan flow_lag,181.3507826,-0.0744345
,,,,,,Density,530,-0.08092744
,,,,,,Doctors,5145,-0.002115366
,,,,,,feature,feature_value,shap_value
,,,,,,ILI,0,-0.14748263
,,,,,,City internal flow index_lag,1.820214286,-0.036380515
,,,,,,City internal flow_lag,732.324478,0.013196733
,,,,,,non-Hubei flow_lag,353.8804601,-0.007336555
,,,,,,Hubei/non Wuhan flow_lag,0,0.13067362
,,,,,,Density,7,-0.0775139
,,,,,,Doctors,1690,-0.000946384
,,,,,,feature,feature_value,shap_value
,,,,,,ILI,0.005485887,0.080980055
,,,,,,City internal flow index_lag,2.063457143,-0.004055686
,,,,,,City internal flow_lag,1752.088885,0.060004264
,,,,,,non-Hubei flow_lag,2329.884,0.03474766
,,,,,,Hubei/non Wuhan flow_lag,87.4800003,0.008043902
,,,,,,Density,169,1.6722432
,,,,,,Doctors,8990,0.00041405
,,,,,,feature,feature_value,shap_value
,,,,,,ILI,0.013718478,-0.14620763
,,,,,,City internal flow index_lag,2.666542857,-0.03576377
,,,,,,City internal flow_lag,1665.658051,0.013089325
,,,,,,non-Hubei flow_lag,749.6426765,-0.008238893
,,,,,,Hubei/non Wuhan flow_lag,8.465948925,0.13680872
,,,,,,Density,62,-0.08233503
,,,,,,Doctors,1866,-0.001221867
,,,,,,feature,feature_value,shap_value
,,,,,,ILI,0,-0.17298892
,,,,,,City internal flow index_lag,1.562085714,0.09983747
,,,,,,City internal flow_lag,3552.724072,-0.007253659
,,,,,,non-Hubei flow_lag,278.3584918,0.003336847
,,,,,,Hubei/non Wuhan flow_lag,14.99772502,0.09747936
,,,,,,Density,6763,0.37783763
,,,,,,Doctors,14651,-0.003379291
