Case,feature,feature_value,shap_value,,R0,feature,feature_value,shap_value
,non-Hubei flow,71467.38,4.2385335,,,non-Hubei flow_lag,98903.86971,-8.251625
,Wuhan flow_lag,56952.42718,5.253798,,,Highest Temperature,3.580357143,-0.41076759
,Relative Humidity,39.73660714,1.9729615,,,Population,2154,3.108286
,Hospitals,656,5.9657235,,,Income,14.06685237,-6.133773
,feature,feature_value,shap_value,,,COVID-19 Hospitals,20,6.0571175
,non-Hubei flow,29197.314,-0.42499685,,,Aging,11.25445595,-1.9098514
,Wuhan flow_lag,8489.106955,-5.892759,,,feature,feature_value,shap_value
,Relative Humidity,43.53571429,1.060551,,,non-Hubei flow_lag,35186.63143,-4.3678794
,Hospitals,426,2.6142087,,,Highest Temperature,5.321428571,-0.54559964
,feature,feature_value,shap_value,,,Population,1559.6,3.427968
,non-Hubei flow,26677.242,-0.21619858,,,Income,12.06078482,-3.722401
,Wuhan flow_lag,7137.982831,-4.6643987,,,COVID-19 Hospitals,4,-3.0007367
,Relative Humidity,63.64285714,-0.30426595,,,Aging,10.91918087,-0.46019393
,Hospitals,235,-0.3267302,,,feature,feature_value,shap_value
,feature,feature_value,shap_value,,,non-Hubei flow_lag,27497.46343,-3.7436588
,non-Hubei flow,22622.166,-0.18364775,,,Highest Temperature,5,-0.70514035
,Wuhan flow_lag,4147.256731,-4.4984307,,,Population,1015.12,4.467588
,Relative Humidity,55.71428571,-0.30389312,,,Income,5.503388762,1.3230273
,Hospitals,154,-0.11771356,,,COVID-19 Hospitals,2,-3.6091547
,feature,feature_value,shap_value,,,Aging,12.68677209,-0.29512522
,non-Hubei flow,24793.128,-0.33411607,,,feature,feature_value,shap_value
,Wuhan flow_lag,6938.99297,-4.6335173,,,non-Hubei flow_lag,18593.15657,0.17499352
,Relative Humidity,76.07142857,0.11107056,,,Highest Temperature,6.571428571,1.5154853
,Hospitals,175,-0.30910477,,,Population,750.55,1.2510138
,feature,feature_value,shap_value,,,Income,4.898274599,2.48087
,non-Hubei flow,3637.062,-0.46399418,,,COVID-19 Hospitals,1,-2.8287451
,Wuhan flow_lag,615.8564641,-4.9714913,,,Aging,12.68677209,-0.34187958
,Relative Humidity,92,-0.34351328,,,feature,feature_value,shap_value
,Hospitals,219,-0.2792774,,,non-Hubei flow_lag,27908.75829,-2.759688
,feature,feature_value,shap_value,,,Highest Temperature,0.714285714,0.17316563
,non-Hubei flow,25197.048,-0.33411607,,,Population,437.97,-1.8854809
,Wuhan flow_lag,5275.512231,-4.6335173,,,Income,8.869283284,-0.70159763
,Relative Humidity,78.5,0.11107056,,,COVID-19 Hospitals,2,-2.5422862
,Hospitals,274,-0.30910477,,,Aging,10.32446442,-0.42695332
,feature,feature_value,shap_value,,,feature,feature_value,shap_value
,non-Hubei flow,10468.278,-0.45273688,,,non-Hubei flow_lag,3224.355429,0.3499345
,Wuhan flow_lag,4149.014267,-4.249743,,,Highest Temperature,-18.57142857,-2.9364054
,Relative Humidity,60.35714286,-0.36520556,,,Population,252.92,-4.174661
,Hospitals,153,-0.11771356,,,Income,4.953740313,0.7440389
,feature,feature_value,shap_value,,,COVID-19 Hospitals,15,-3.2654932
,non-Hubei flow,8502.354,-0.433017,,,Aging,9.850344064,-0.5456269
,Wuhan flow_lag,439.7776587,-5.025573,,,feature,feature_value,shap_value
,Relative Humidity,65.42857143,-0.3410897,,,non-Hubei flow_lag,28786.428,-1.974763
,Hospitals,80,-0.1723033,,,Highest Temperature,-4,-3.5147622
,feature,feature_value,shap_value,,,Population,829.4,1.0271335
,non-Hubei flow,20776.014,-0.3369859,,,Income,7.586689173,-1.3808606
,Wuhan flow_lag,3704.275007,-5.16252,,,COVID-19 Hospitals,7,-1.3464814
,Relative Humidity,89.57142857,-0.39431885,,,Aging,14.97594002,-0.8173689
,Hospitals,162,-0.24298045,,,feature,feature_value,shap_value
,feature,feature_value,shap_value,,,non-Hubei flow_lag,9921.944571,10.901038
,non-Hubei flow,8968.104,-0.45417753,,,Highest Temperature,2.142857143,-0.0635925
,Wuhan flow_lag,1256.513679,-4.9961934,,,Population,698.75,0.29821834
,Relative Humidity,89.78571429,-0.34314045,,,Income,10.9745975,-0.57101756
,Hospitals,148,-0.10662754,,,COVID-19 Hospitals,3,-15.602813
,feature,feature_value,shap_value,,,Aging,14.97594002,-1.1654423
,non-Hubei flow,7288.542,-0.45417753,,,feature,feature_value,shap_value
,Wuhan flow_lag,500.566894,-4.9926767,,,non-Hubei flow_lag,5507.305714,0.15411097
,Relative Humidity,87.78571429,-0.35207227,,,Highest Temperature,-2,-1.8331991
,Hospitals,51,-0.13708237,,,Population,295,-1.564926
,feature,feature_value,shap_value,,,Income,2.818305085,0.9303266
,non-Hubei flow,26270.298,-0.35293445,,,COVID-19 Hospitals,2,-6.1917386
,Wuhan flow_lag,2730.024392,-5.139297,,,Aging,14.97594002,-0.71927434
,Relative Humidity,92.07142857,-0.39469168,,,feature,feature_value,shap_value
,Hospitals,310,-0.18943512,,,non-Hubei flow_lag,21404.78229,-0.08774417
,feature,feature_value,shap_value,,,Highest Temperature,-8.857142857,-3.8822856
,non-Hubei flow,7421.652,-0.45417753,,,Population,767,0.7933122
,Wuhan flow_lag,775.0595167,-4.9961405,,,Income,9.354628422,-1.0569012
,Relative Humidity,89.35714286,-0.35207227,,,COVID-19 Hospitals,9,-1.4103029
,Hospitals,113,-0.09774874,,,Aging,12.37090155,-1.6715246
,feature,feature_value,shap_value,,,feature,feature_value,shap_value
,non-Hubei flow,4563.378,-0.45417753,,,non-Hubei flow_lag,7346.283429,11.154836
,Wuhan flow_lag,498.9074545,-4.992931,,,Highest Temperature,-6.571428571,-3.8002894
,Relative Humidity,87.92857143,-0.35207227,,,Population,441,-2.1218743
,Hospitals,79,-0.19431494,,,Income,5.011337868,0.76431346
,feature,feature_value,shap_value,,,COVID-19 Hospitals,7,-14.42901
,non-Hubei flow,14183.478,-0.3127562,,,Aging,12.37090155,-1.7101735
,Wuhan flow_lag,990.2513845,-5.0001116,,,feature,feature_value,shap_value
,Relative Humidity,93.07142857,-0.35207227,,,non-Hubei flow_lag,6070.834286,0.6730907
,Hospitals,64,-0.19431494,,,Highest Temperature,-10.42857143,-2.6894763
,feature,feature_value,shap_value,,,Population,288,-2.2394757
,non-Hubei flow,53771.31,4.1673255,,,Income,4.767361111,-0.3457298
,Wuhan flow_lag,42312.29608,3.0288877,,,COVID-19 Hospitals,7,-5.0636353
,Relative Humidity,72.125,0.2551559,,,Aging,12.37090155,-1.721319
,Hospitals,363,3.7121909,,,feature,feature_value,shap_value
,feature,feature_value,shap_value,,,non-Hubei flow_lag,25937.95886,-7.620058
,non-Hubei flow,37180.89,0.37459198,,,Highest Temperature,-12.14285714,-0.5498038
,Wuhan flow_lag,18512.7763,-4.633601,,,Population,1066.5,3.5580573
,Relative Humidity,76.42857143,0.15222041,,,Income,5.907641819,1.164777
,Hospitals,220,-0.27483034,,,COVID-19 Hospitals,24,9.307937
,feature,feature_value,shap_value,,,Aging,12.21482583,-1.7189251
,non-Hubei flow,21920.328,-0.3339012,,,feature,feature_value,shap_value
,Wuhan flow_lag,6711.903983,-4.631971,,,non-Hubei flow_lag,6577.894286,11.831933
,Relative Humidity,76,0.24022424,,,Highest Temperature,-12.57142857,-1.7340555
,Hospitals,166,-0.21993107,,,Population,293.34,-1.6756499
,feature,feature_value,shap_value,,,Income,9.549328424,0.41950247
,non-Hubei flow,35037.306,-0.30113953,,,COVID-19 Hospitals,10,-14.187428
,Wuhan flow_lag,11421.84414,-4.642106,,,Aging,12.21482583,-1.4233193
,Relative Humidity,76.42857143,0.111443385,,,feature,feature_value,shap_value
,Hospitals,135,-0.09718236,,,non-Hubei flow_lag,3344.142857,0.325512
,feature,feature_value,shap_value,,,Highest Temperature,-9,-4.6375012
,non-Hubei flow,24393.528,-0.33411607,,,Population,278.3,-3.522473
,Wuhan flow_lag,6056.073668,-4.6335173,,,Income,5.113187208,0.98772234
,Relative Humidity,76.35714286,0.11107056,,,COVID-19 Hospitals,7,-2.4432905
,Hospitals,222,-0.30910477,,,Aging,12.21482583,-1.6045929
,feature,feature_value,shap_value,,,feature,feature_value,shap_value
,non-Hubei flow,20287.962,-0.28965068,,,non-Hubei flow_lag,10845.94629,10.187023
,Wuhan flow_lag,3020.572983,-5.1319184,,,Highest Temperature,-13.28571429,-1.2046645
,Relative Humidity,74.21428571,-0.106101945,,,Population,541.64,1.6348296
,Hospitals,80,-0.20132975,,,Income,2.510154346,2.1006966
,feature,feature_value,shap_value,,,COVID-19 Hospitals,11,-13.871574
,non-Hubei flow,17850.672,-0.4886056,,,Aging,12.21482583,-1.5384134
,Wuhan flow_lag,4070.965094,-4.1505623,,,feature,feature_value,shap_value
,Relative Humidity,78,0.1385923,,,non-Hubei flow_lag,71438.01943,-8.114345
,Hospitals,69,-0.20132975,,,Highest Temperature,10.66964286,0.18700862
,feature,feature_value,shap_value,,,Population,2424,3.1187506
,non-Hubei flow,38787.822,1.7678587,,,Income,13.48184818,-4.917337
,Wuhan flow_lag,15959.89652,-4.799004,,,COVID-19 Hospitals,110,3.1881375
,Relative Humidity,75.57142857,0.53828794,,,Aging,14.95195452,-0.15932684
,Hospitals,302,-0.1457064,,,feature,feature_value,shap_value
,feature,feature_value,shap_value,,,non-Hubei flow_lag,41344.62171,-6.521065
,non-Hubei flow,15239.34,-0.29549715,,,Highest Temperature,9,1.9171416
,Wuhan flow_lag,1418.539136,-4.8503327,,,Population,843.62,0.6700311
,Relative Humidity,78,0.1626218,,,Income,15.19688959,-5.073311
,Hospitals,154,-0.061347194,,,COVID-19 Hospitals,55,3.524869
,feature,feature_value,shap_value,,,Aging,14.29632099,-0.22276969
,non-Hubei flow,21350.844,-0.2741136,,,feature,feature_value,shap_value
,Wuhan flow_lag,3911.244748,-4.454411,,,non-Hubei flow_lag,26956.56857,-6.038865
,Relative Humidity,71.71428571,0.9878175,,,Highest Temperature,9.714285714,4.240356
,Hospitals,142,-0.11364237,,,Population,657.45,1.1873964
,feature,feature_value,shap_value,,,Income,17.39843334,-4.01655
,non-Hubei flow,13976.01,-0.29549715,,,COVID-19 Hospitals,56,3.2099855
,Wuhan flow_lag,3506.879296,-4.840259,,,Aging,14.29632099,0.22553195
,Relative Humidity,80.14285714,0.15369,,,feature,feature_value,shap_value
,Hospitals,75,-0.20132975,,,non-Hubei flow_lag,47680.53429,-6.755138
,feature,feature_value,shap_value,,,Highest Temperature,10,2.0436246
,non-Hubei flow,15385.41,-0.4547009,,,Population,1072.17,3.5285504
,Wuhan flow_lag,3716.39923,-4.8434367,,,Income,17.34566347,-3.2422895
,Relative Humidity,74.92857143,-0.12908943,,,COVID-19 Hospitals,78,4.150733
,Hospitals,76,-0.20132975,,,Aging,14.29632099,0.061323438
,feature,feature_value,shap_value,,,feature,feature_value,shap_value
,non-Hubei flow,15873.03,-0.41518387,,,non-Hubei flow_lag,18477.16457,-4.842424
,Wuhan flow_lag,5892.813962,-4.346104,,,Highest Temperature,10,2.4197738
,Relative Humidity,86,-0.70377433,,,Population,731,0.4983618
,Hospitals,131,-0.10377177,,,Income,11.52804378,-4.571858
,feature,feature_value,shap_value,,,COVID-19 Hospitals,49,2.9677477
,non-Hubei flow,12957.3,-0.29549715,,,Aging,14.29632099,-0.0320731
,Wuhan flow_lag,2244.42305,-4.8877053,,,feature,feature_value,shap_value
,Relative Humidity,86.57142857,-0.35207227,,,non-Hubei flow_lag,11242.19829,9.786634
,Hospitals,75,-0.20845068,,,Highest Temperature,5.714285714,0.17008242
,feature,feature_value,shap_value,,,Population,452,-1.8345109
,non-Hubei flow,3666.546,-0.45417753,,,Income,6.132079646,1.6527524
,Wuhan flow_lag,919.5572414,-5.0488086,,,COVID-19 Hospitals,14,-13.306095
,Relative Humidity,78.57142857,0.15369,,,Aging,14.29632099,-0.7727041
,Hospitals,30,-0.14425908,,,feature,feature_value,shap_value
,feature,feature_value,shap_value,,,non-Hubei flow_lag,12537.68914,-5.900227
,non-Hubei flow,14918.04,-0.28541198,,,Highest Temperature,9.142857143,2.1140237
,Wuhan flow_lag,5181.766041,-4.1269937,,,Population,453.1,-0.7956517
,Relative Humidity,82.35714286,6.0037074,,,Income,12.06400353,-4.79858
,Hospitals,111,1.2792856,,,COVID-19 Hospitals,24,5.8975115
,feature,feature_value,shap_value,,,Aging,14.29632099,-0.34298483
,non-Hubei flow,40243.716,2.0238163,,,feature,feature_value,shap_value
,Wuhan flow_lag,23389.15247,-4.548377,,,non-Hubei flow_lag,51055.41086,-3.3105032
,Relative Humidity,77.64285714,0.4098799,,,Highest Temperature,10.85714286,2.8422203
,Hospitals,172,-0.16051072,,,Population,946.8,4.0601735
,feature,feature_value,shap_value,,,Income,14.26827207,-2.8869483
,non-Hubei flow,20144.7,-0.28965068,,,COVID-19 Hospitals,9,0.001036246
,Wuhan flow_lag,2682.123018,-5.164448,,,Aging,12.9863503,-0.12717788
,Relative Humidity,74.92857143,-0.106101945,,,feature,feature_value,shap_value
,Hospitals,81,-0.20186129,,,non-Hubei flow_lag,18535.66971,-0.9830183
,feature,feature_value,shap_value,,,Highest Temperature,10.57142857,2.9940493
,non-Hubei flow,27447.768,-0.3400333,,,Population,800.5,0.40595815
,Wuhan flow_lag,17931.73431,-4.630402,,,Income,13.42348532,-3.2607229
,Relative Humidity,76.64285714,0.102511585,,,COVID-19 Hospitals,15,-1.3603493
,Hospitals,69,-0.21532075,,,Aging,12.9863503,-0.35545766
,feature,feature_value,shap_value,,,feature,feature_value,shap_value
,non-Hubei flow,28604.394,-0.34311795,,,non-Hubei flow_lag,16398.84343,2.66723
,Wuhan flow_lag,3217.616998,-5.114433,,,Highest Temperature,14.57142857,-0.0746193
,Relative Humidity,77.5,0.102511585,,,Population,921.5,10.867064
,Hospitals,64,-0.20132975,,,Income,6.517807922,1.6406183
,feature,feature_value,shap_value,,,COVID-19 Hospitals,12,0.932492
,non-Hubei flow,48065.562,1.742363,,,Aging,12.9863503,1.4792293
,Wuhan flow_lag,13238.73394,-4.7888575,,,feature,feature_value,shap_value
,Relative Humidity,74.35714286,0.1923346,,,non-Hubei flow_lag,20029.17086,-0.28648967
,Hospitals,115,-0.101929374,,,Highest Temperature,9.428571429,2.7842572
,feature,feature_value,shap_value,,,Population,465.6,-1.9526819
,non-Hubei flow,28213.218,-0.3400333,,,Income,10.46387457,-1.1804615
,Wuhan flow_lag,8865.959025,-4.6039977,,,COVID-19 Hospitals,6,-1.9471098
,Relative Humidity,77.64285714,0.102511585,,,Aging,12.9863503,-0.88124156
,Hospitals,29,-0.07465549,,,feature,feature_value,shap_value
,feature,feature_value,shap_value,,,non-Hubei flow_lag,15775.51371,-0.7492424
,non-Hubei flow,33362.874,-0.24086836,,,Highest Temperature,11.28571429,4.0146866
,Wuhan flow_lag,4469.768696,-4.502035,,,Population,501,1.189485
,Relative Humidity,68.78571429,0.04154613,,,Income,10.81217565,-0.26886013
,Hospitals,62,-0.20132975,,,COVID-19 Hospitals,7,0.08650612
,feature,feature_value,shap_value,,,Aging,12.9863503,0.26928103
,non-Hubei flow,8904.6,-0.43691847,,,feature,feature_value,shap_value
,Wuhan flow_lag,2320.062392,-4.893995,,,non-Hubei flow_lag,17754.92229,2.1858203
,Relative Humidity,81.85714286,0.15369,,,Highest Temperature,12,3.9719148
,Hospitals,30,-0.11598757,,,Population,556.4,1.517512
,feature,feature_value,shap_value,,,Income,7.369158879,1.539606
,non-Hubei flow,19047.312,-0.49560615,,,COVID-19 Hospitals,8,0.08710212
,Wuhan flow_lag,9282.210553,-4.3344564,,,Aging,12.9863503,-0.16466044
,Relative Humidity,81.5,0.1385923,,,feature,feature_value,shap_value
,Hospitals,116,-0.088303566,,,non-Hubei flow_lag,11353.42286,10.181305
,feature,feature_value,shap_value,,,Highest Temperature,12.14285714,-1.7206628
,non-Hubei flow,17981.784,-0.4986908,,,Population,218.5,-3.4882991
,Wuhan flow_lag,3894.427033,-4.1402225,,,Income,6.730343249,1.7549275
,Relative Humidity,77.85714286,0.1385923,,,COVID-19 Hospitals,7,-13.431479
,Hospitals,51,-0.14409722,,,Aging,12.9863503,-0.12721524
,feature,feature_value,shap_value,,,feature,feature_value,shap_value
,non-Hubei flow,24242.544,-0.27956554,,,non-Hubei flow_lag,3479.112,0.67434174
,Wuhan flow_lag,5130.912625,-4.4564734,,,Highest Temperature,9,1.4765675
,Relative Humidity,74.28571429,-0.097170144,,,Population,116.8,-1.5459076
,Hospitals,130,-0.09718236,,,Income,11.27311644,-1.3405291
,feature,feature_value,shap_value,,,COVID-19 Hospitals,5,-2.7499032
,non-Hubei flow,11700.396,-0.43691847,,,Aging,12.9863503,-2.0217261
,Wuhan flow_lag,2032.070303,-4.9089117,,,feature,feature_value,shap_value
,Relative Humidity,87.71428571,-0.35207227,,,non-Hubei flow_lag,11581.19486,9.744088
,Hospitals,44,-0.12257696,,,Highest Temperature,12.42857143,-1.7163728
,feature,feature_value,shap_value,,,Population,611.8,0.5496836
,non-Hubei flow,26502.39,-0.3785852,,,Income,7.967750899,-0.12423115
,Wuhan flow_lag,23059.53686,-4.644932,,,COVID-19 Hospitals,11,-12.881701
,Relative Humidity,78.21428571,0.102511585,,,Aging,12.9863503,-0.1866029
,Hospitals,118,-0.088303566,,,feature,feature_value,shap_value
,feature,feature_value,shap_value,,,non-Hubei flow_lag,34765.80171,-1.9039807
,non-Hubei flow,7472.79,-0.43691847,,,Highest Temperature,8.428571429,1.340443
,Wuhan flow_lag,2165.340237,-4.9089117,,,Population,808.7,1.0374992
,Relative Humidity,88.5,-0.35207227,,,Income,9.673438852,-1.2655389
,Hospitals,32,-0.12257696,,,COVID-19 Hospitals,10,-1.0129579
,feature,feature_value,shap_value,,,Aging,13.20157492,-0.842325
,non-Hubei flow,24336.72,-0.3792212,,,feature,feature_value,shap_value
,Wuhan flow_lag,23721.8712,-4.898669,,,non-Hubei flow_lag,12119.68286,-0.70651126
,Relative Humidity,77.5,0.102511585,,,Highest Temperature,8.857142857,2.8349338
,Hospitals,62,-0.21532075,,,Population,339.2,-1.4988539
,feature,feature_value,shap_value,,,Income,5.055011792,1.4416279
,non-Hubei flow,5075.352,-0.43691847,,,COVID-19 Hospitals,5,-2.9842377
,Wuhan flow_lag,1566.557926,-4.9105153,,,Aging,13.20157492,-0.44611433
,Relative Humidity,84.07142857,-0.7127061,,,feature,feature_value,shap_value
,Hospitals,14,-0.12257696,,,non-Hubei flow_lag,16931.268,1.1041008
,feature,feature_value,shap_value,,,Highest Temperature,9.142857143,3.5736465
,non-Hubei flow,24576.858,-0.3242995,,,Population,469.1,2.8838136
,Wuhan flow_lag,5595.291687,-4.646136,,,Income,4.087827755,1.7010424
,Relative Humidity,81.42857143,0.102511585,,,COVID-19 Hospitals,8,-1.4115579
,Hospitals,57,-0.21532075,,,Aging,13.20157492,-0.22491334
,feature,feature_value,shap_value,,,feature,feature_value,shap_value
,non-Hubei flow,20087.838,-0.3242995,,,non-Hubei flow_lag,15867.85371,-1.972401
,Wuhan flow_lag,7138.298881,-4.6624007,,,Highest Temperature,8.428571429,1.395155
,Relative Humidity,83.14285714,-0.7638845,,,Population,411.4,-2.1107411
,Hospitals,48,-0.16467762,,,Income,4.379436072,-0.69355875
,feature,feature_value,shap_value,,,COVID-19 Hospitals,7,-2.9093857
,non-Hubei flow,48924.972,1.8755282,,,Aging,13.20157492,-0.40963387
,Wuhan flow_lag,34657.00025,-1.984864,,,feature,feature_value,shap_value
,Relative Humidity,54.07142857,-0.68457323,,,non-Hubei flow_lag,29257.848,0.62174046
,Hospitals,219,-0.5770285,,,Highest Temperature,8.142857143,2.1708648
,feature,feature_value,shap_value,,,Population,820.7,1.7685237
,non-Hubei flow,19968.66,-0.19064826,,,Income,2.143901547,4.748825
,Wuhan flow_lag,5843.980829,-4.665562,,,COVID-19 Hospitals,9,-2.7681656
,Relative Humidity,56.35714286,-0.30389312,,,Aging,13.20157492,-0.9672721
,Hospitals,142,-0.11480778,,,feature,feature_value,shap_value
,feature,feature_value,shap_value,,,non-Hubei flow_lag,16176.94971,-1.7299494
,non-Hubei flow,7372.296,-0.41575792,,,Highest Temperature,7.857142857,0.8996625
,Wuhan flow_lag,2025.617383,-4.9129124,,,Population,483.7,0.5651282
,Relative Humidity,66.14285714,-0.3410897,,,Income,2.663014265,0.3186901
,Hospitals,51,-0.12920651,,,COVID-19 Hospitals,5,-5.0110955
,feature,feature_value,shap_value,,,Aging,13.20157492,-0.3307826
,non-Hubei flow,35010.63,-0.5447288,,,feature,feature_value,shap_value
,Wuhan flow_lag,55734.87579,-1.143527,,,non-Hubei flow_lag,19707.624,1.1903396
,Relative Humidity,72.92857143,-0.11830512,,,Highest Temperature,9,3.2884572
,Hospitals,270,-0.7577972,,,Population,523.7,1.8840007
,feature,feature_value,shap_value,,,Income,2.438781745,3.4298663
,non-Hubei flow,52711.02,1.3634998,,,COVID-19 Hospitals,6,-3.0152078
,Wuhan flow_lag,16490.66862,-5.0226445,,,Aging,13.20157492,-1.1689913
,Relative Humidity,66.78571429,-0.68013,,,feature,feature_value,shap_value
,Hospitals,140,-0.12843359,,,non-Hubei flow_lag,5642.043429,0.21834539
,feature,feature_value,shap_value,,,Highest Temperature,9.142857143,2.9465728
,non-Hubei flow,40153.698,2.0895627,,,Population,147.4,-3.4679499
,Wuhan flow_lag,999999,436.3001,,,Income,4.646540027,-0.77093166
,Relative Humidity,71.14285714,0.7610718,,,COVID-19 Hospitals,5,-5.9379663
,Hospitals,354,0.9401518,,,Aging,13.20157492,-1.1016916
,feature,feature_value,shap_value,,,feature,feature_value,shap_value
,non-Hubei flow,10158.48,-2.6671767,,,non-Hubei flow_lag,18093.40971,-0.16152385
,Wuhan flow_lag,74629.45847,-1.6618156,,,Highest Temperature,16.57142857,-1.8364613
,Relative Humidity,67.85714286,0.05690732,,,Population,774,0.37267038
,Hospitals,58,-0.6640134,,,Income,10.15091731,-0.9457886
,feature,feature_value,shap_value,,,COVID-19 Hospitals,10,-0.83110857
,non-Hubei flow,14531.616,-2.5362847,,,Aging,9.486520784,-0.23657595
,Wuhan flow_lag,116816.861,-1.9335332,,,feature,feature_value,shap_value
,Relative Humidity,72.07142857,-0.24491945,,,non-Hubei flow_lag,20448.10286,-0.1888611
,Hospitals,91,-0.6640134,,,Highest Temperature,17.28571429,-2.4457586
,feature,feature_value,shap_value,,,Population,411,-1.482069
,non-Hubei flow,11961.756,-2.1834593,,,Income,11.65793187,-2.0144002
,Wuhan flow_lag,119183.0969,1.1242025,,,COVID-19 Hospitals,1,-2.15375
,Relative Humidity,69.71428571,1.3259228,,,Aging,9.486520784,-0.16978276
,Hospitals,60,-0.62523746,,,feature,feature_value,shap_value
,feature,feature_value,shap_value,,,non-Hubei flow_lag,17787.18343,3.5638492
,non-Hubei flow,23938.092,-0.603496,,,Highest Temperature,19,-1.056923
,Wuhan flow_lag,531334.6935,14.312201,,,Population,870,4.598452
,Relative Humidity,71.57142857,0.8977136,,,Income,9.733298851,1.2362391
,Hospitals,56,-0.42391723,,,COVID-19 Hospitals,12,0.6289029
,feature,feature_value,shap_value,,,Aging,9.486520784,-0.2640825
,non-Hubei flow,28470.258,-0.13172126,,,feature,feature_value,shap_value
,Wuhan flow_lag,248567.0793,2.1421425,,,non-Hubei flow_lag,7912.681714,11.634133
,Relative Humidity,72,-0.3789204,,,Highest Temperature,14,-1.883448
,Hospitals,67,-0.62523746,,,Population,291,-1.8930678
,feature,feature_value,shap_value,,,Income,6.67628866,1.6457217
,non-Hubei flow,36704.826,0.59795773,,,COVID-19 Hospitals,11,-13.457737
,Wuhan flow_lag,507140.4331,4.5615325,,,Aging,9.486520784,-0.45205107
,Relative Humidity,74.71428571,-0.3640472,,,feature,feature_value,shap_value
,Hospitals,68,-0.5839602,,,non-Hubei flow_lag,22577.89371,5.573146
,feature,feature_value,shap_value,,,Highest Temperature,11.85714286,4.9340534
,non-Hubei flow,7692.786,-2.7247703,,,Population,524.02,1.7186775
,Wuhan flow_lag,114588.0732,-1.947749,,,Income,10.06577993,5.984998
,Relative Humidity,74.78571429,-0.32743028,,,COVID-19 Hospitals,7,-0.032756947
,Hospitals,23,-0.52334803,,,Aging,9.734768908,0.26853785
,feature,feature_value,shap_value,,,feature,feature_value,shap_value
,non-Hubei flow,43425.504,2.2062836,,,non-Hubei flow_lag,4899.666857,1.031084
,Wuhan flow_lag,60891.09605,0.35130474,,,Highest Temperature,8.285714286,1.7509537
,Relative Humidity,83.28571429,-0.5565602,,,Population,189,-3.7332067
,Hospitals,287,-0.70496625,,,Income,5.338888889,1.0945288
,feature,feature_value,shap_value,,,COVID-19 Hospitals,6,-4.961409
,non-Hubei flow,21092.562,-0.33720076,,,Aging,9.734768908,-0.48319325
,Wuhan flow_lag,2514.393456,-5.1561737,,,feature,feature_value,shap_value
,Relative Humidity,86.07142857,-0.39469168,,,non-Hubei flow_lag,17929.836,6.3140984
,Hospitals,190,-0.29341316,,,Highest Temperature,9.714285714,6.245987
,feature,feature_value,shap_value,,,Population,480.69,3.102109
,non-Hubei flow,15040.836,-0.28541198,,,Income,5.617320934,2.6402311
,Wuhan flow_lag,5118.152194,-4.208523,,,COVID-19 Hospitals,11,-0.54252166
,Relative Humidity,84.78571429,-0.7127061,,,Aging,9.734768908,0.4098298
,Hospitals,63,-0.22191013,,,feature,feature_value,shap_value
,feature,feature_value,shap_value,,,non-Hubei flow_lag,3781.496571,3.9116101
,non-Hubei flow,26248.86,-0.38374013,,,Highest Temperature,11,5.528454
,Wuhan flow_lag,21117.43336,-4.5838933,,,Population,116.08,0.32306638
,Relative Humidity,78.07142857,0.11107056,,,Income,8.850275672,0.9153183
,Hospitals,242,-0.30910477,,,COVID-19 Hospitals,2,-2.1485965
,feature,feature_value,shap_value,,,Aging,9.734768908,0.6193653
,non-Hubei flow,24950.97,-0.32711557,,,feature,feature_value,shap_value
,Wuhan flow_lag,4209.75682,-4.6436243,,,non-Hubei flow_lag,14287.01143,-7.6802607
,Relative Humidity,82.78571429,-0.75532556,,,Highest Temperature,12.85714286,-2.4654055
,Hospitals,339,-0.05276003,,,Population,480.69,0.67649263
,feature,feature_value,shap_value,,,Income,3.624435707,2.376042
,non-Hubei flow,28885.302,-0.3330328,,,COVID-19 Hospitals,42,5.3282666
,Wuhan flow_lag,4857.940655,-4.422528,,,Aging,9.734768908,-1.256666
,Relative Humidity,78.14285714,0.111443385,,,feature,feature_value,shap_value
,Hospitals,128,-0.11364237,,,non-Hubei flow_lag,12637.99029,-7.47265
,feature,feature_value,shap_value,,,Highest Temperature,11.85714286,1.7708126
,non-Hubei flow,21291.12,-0.32711557,,,Population,397.66,-1.0504276
,Wuhan flow_lag,4746.843686,-5.3993063,,,Income,3.476336569,2.9943898
,Relative Humidity,88.28571429,-0.27832055,,,COVID-19 Hospitals,23,10.427483
,Hospitals,398,1.1577262,,,Aging,9.734768908,-0.7324796
,feature,feature_value,shap_value,,,feature,feature_value,shap_value
,non-Hubei flow,20716.938,-0.31875467,,,non-Hubei flow_lag,59615.12057,-7.7597456
,Wuhan flow_lag,1285.651495,-5.2424965,,,Highest Temperature,9.142857143,2.0430167
,Relative Humidity,82.71428571,1.6752844,,,Population,988.1,3.2799983
,Hospitals,86,-0.19431494,,,Income,10.26545896,-3.9564323
,feature,feature_value,shap_value,,,COVID-19 Hospitals,60,2.4219575
,non-Hubei flow,70862.202,2.2775958,,,Aging,11.05504645,-0.74156743
,Wuhan flow_lag,27047.01143,-0.9549822,,,feature,feature_value,shap_value
,Relative Humidity,58.78571429,-0.69147,,,non-Hubei flow_lag,15847.34914,-7.440677
,Hospitals,243,-0.576569,,,Highest Temperature,8.571428571,1.598534
,feature,feature_value,shap_value,,,Population,682.3,0.22689074
,non-Hubei flow,23808.33,-0.19373292,,,Income,6.801553569,-1.7433444
,Wuhan flow_lag,1752.00132,-5.2086654,,,COVID-19 Hospitals,50,1.3309664
,Relative Humidity,64.71428571,-0.27977726,,,Aging,11.05504645,-1.2146826
,Hospitals,54,-0.12920651,,,feature,feature_value,shap_value
,feature,feature_value,shap_value,,,non-Hubei flow_lag,5671.018286,1.8001025
,non-Hubei flow,44592.93,2.4253247,,,Highest Temperature,5,-0.21356973
,Wuhan flow_lag,26307.00201,-0.22441326,,,Population,226.9,-3.9872746
,Relative Humidity,70.14285714,1.2887024,,,Income,6.734684883,1.5045023
,Hospitals,135,-0.42052713,,,COVID-19 Hospitals,16,-4.9312468
,feature,feature_value,shap_value,,,Aging,11.05504645,-0.6900228
,non-Hubei flow,17015.832,-0.14607602,,,feature,feature_value,shap_value
,Wuhan flow_lag,5093.447962,-4.115744,,,non-Hubei flow_lag,21451.94743,4.3052373
,Relative Humidity,76,0.28247088,,,Highest Temperature,8.142857143,4.4537406
,Hospitals,43,-0.060664505,,,Population,645.4,1.204401
,feature,feature_value,shap_value,,,Income,3.699721103,7.274973
,non-Hubei flow,33086.448,-0.16748811,,,COVID-19 Hospitals,26,12.697686
,Wuhan flow_lag,6463.818876,-4.680346,,,Aging,11.05504645,-0.06161234
,Relative Humidity,58.35714286,-0.27977726,,,feature,feature_value,shap_value
,Hospitals,110,1.2947078,,,non-Hubei flow_lag,32544.27257,-2.1093025
,feature,feature_value,shap_value,,,Highest Temperature,9,2.7560656
,non-Hubei flow,38038.14,0.20547356,,,Population,876.2,1.417848
,Wuhan flow_lag,2602.901419,-5.34206,,,Income,3.066879708,10.290776
,Relative Humidity,80.5,0.14366145,,,COVID-19 Hospitals,38,11.38446
,Hospitals,103,-0.20951493,,,Aging,11.05504645,-0.21729518
,feature,feature_value,shap_value,,,feature,feature_value,shap_value
,non-Hubei flow,29914.488,-0.20083712,,,non-Hubei flow_lag,43698.29657,-9.105846
,Wuhan flow_lag,843.6005837,-5.279449,,,Highest Temperature,9.857142857,0.3816809
,Relative Humidity,65.92857143,-0.27977726,,,Population,1060.77,3.01968
,Hospitals,54,-0.11507074,,,Income,13.99670994,-5.6551266
,feature,feature_value,shap_value,,,COVID-19 Hospitals,60,2.355008
,non-Hubei flow,28089.396,-0.19938149,,,Aging,12.49329869,4.9720316
,Wuhan flow_lag,4249.365412,-4.46338,,,feature,feature_value,shap_value
,Relative Humidity,67.35714286,-0.03859677,,,non-Hubei flow_lag,7019.089714,60.280964
,Hospitals,72,-0.20132975,,,Highest Temperature,7.714285714,7.365468
,feature,feature_value,shap_value,,,Population,338.3,-0.65046084
,non-Hubei flow,13545.36,-0.34918857,,,Income,5.166479456,2.0334587
,Wuhan flow_lag,802.6659543,-4.9875727,,,COVID-19 Hospitals,31,52.835796
,Relative Humidity,73.57142857,-0.12908943,,,Aging,12.49329869,12.725719
,Hospitals,51,-0.130493,,,feature,feature_value,shap_value
,feature,feature_value,shap_value,,,non-Hubei flow_lag,11033.68114,64.00664
,non-Hubei flow,34253.712,-0.16194324,,,Highest Temperature,9.571428571,9.628492
,Wuhan flow_lag,1346.033835,-5.318596,,,Population,411.5,-0.38046914
,Relative Humidity,60.35714286,-0.27977726,,,Income,9.876500608,8.74298
,Hospitals,57,-0.1723033,,,COVID-19 Hospitals,19,49.06648
,feature,feature_value,shap_value,,,Aging,12.49329869,12.825387
,non-Hubei flow,16313.022,-0.397108,,,feature,feature_value,shap_value
,Wuhan flow_lag,2972.995864,-4.8883634,,,non-Hubei flow_lag,7364.427429,13.353635
,Relative Humidity,65.57142857,-0.3410897,,,Highest Temperature,9.714285714,4.2256904
,Hospitals,59,-0.1859075,,,Population,289.63,-1.3890632
,feature,feature_value,shap_value,,,Income,6.380174706,1.6854798
,non-Hubei flow,14752.53,-0.32184434,,,COVID-19 Hospitals,14,-11.045801
,Wuhan flow_lag,4723.139659,-4.147725,,,Aging,12.49329869,6.8776793
,Relative Humidity,75.35714286,-0.12908943,,,feature,feature_value,shap_value
,Hospitals,64,-0.20132975,,,non-Hubei flow_lag,15271.92514,-7.2899137
,feature,feature_value,shap_value,,,Highest Temperature,10.42857143,-0.20226488
,non-Hubei flow,23216.166,-0.3242995,,,Population,487.8,0.3180468
,Wuhan flow_lag,6612.221221,-4.646136,,,Income,3.921484215,3.7900944
,Relative Humidity,80.35714286,0.102511585,,,COVID-19 Hospitals,31,10.227193
,Hospitals,66,-0.21532075,,,Aging,12.49329869,5.7857656
,feature,feature_value,shap_value,,,feature,feature_value,shap_value
,non-Hubei flow,17618.742,-0.4392054,,,non-Hubei flow_lag,18306.27771,-3.8819604
,Wuhan flow_lag,1739.262653,-4.9537487,,,Highest Temperature,10.28571429,-0.45058307
,Relative Humidity,66.35714286,-0.31786248,,,Population,574.42,0.866619
,Hospitals,37,-0.10056533,,,Income,3.624838968,5.2168074
,feature,feature_value,shap_value,,,COVID-19 Hospitals,39,8.251117
,non-Hubei flow,8437.77,-0.43691847,,,Aging,12.49329869,4.603224
,Wuhan flow_lag,3858.500687,-4.1014223,,,feature,feature_value,shap_value
,Relative Humidity,78.5,0.15369,,,non-Hubei flow_lag,23016.54343,2.833104
,Hospitals,25,-0.060664505,,,Highest Temperature,10,2.3651288
,feature,feature_value,shap_value,,,Population,629.1,1.1221939
,non-Hubei flow,16285.59,-0.4947477,,,Income,3.235097759,9.009642
,Wuhan flow_lag,779.0004096,-5.097523,,,COVID-19 Hospitals,31,13.427505
,Relative Humidity,71.14285714,0.9309892,,,Aging,12.49329869,4.705201
,Hospitals,34,-0.14425908,,,feature,feature_value,shap_value
,feature,feature_value,shap_value,,,non-Hubei flow_lag,5333.410286,9.747554
,non-Hubei flow,19456.362,-0.31875467,,,Highest Temperature,9.714285714,1.935879
,Wuhan flow_lag,1403.563491,-5.320008,,,Population,116.6,-2.6072464
,Relative Humidity,81,0.102511585,,,Income,6.862178388,0.5297865
,Hospitals,34,-0.14425908,,,COVID-19 Hospitals,25,16.131512
,feature,feature_value,shap_value,,,Aging,12.49329869,6.8148956
,non-Hubei flow,16513.632,-0.41518387,,,feature,feature_value,shap_value
,Wuhan flow_lag,6428.666894,-4.3295856,,,non-Hubei flow_lag,45871.41086,-1.3348533
,Relative Humidity,79.85714286,0.1626218,,,Highest Temperature,9,2.879152
,Hospitals,123,-0.09718236,,,Population,815.47,0.50839514
,feature,feature_value,shap_value,,,Income,13.49333513,-3.0743585
,non-Hubei flow,11553.516,-0.48089793,,,COVID-19 Hospitals,5,-2.969442
,Wuhan flow_lag,5390.75291,-4.3697076,,,Aging,12.48672942,-1.6552799
,Relative Humidity,79.35714286,0.15369,,,feature,feature_value,shap_value
,Hospitals,11,-0.07465549,,,non-Hubei flow_lag,15915.34286,-1.2231448
,feature,feature_value,shap_value,,,Highest Temperature,10,4.4317513
,non-Hubei flow,90729.018,5.8764744,,,Population,402.08,-1.5439143
,Wuhan flow_lag,58876.5191,5.2427506,,,Income,6.544816952,1.6933713
,Relative Humidity,71.82706767,1.4078604,,,COVID-19 Hospitals,7,-0.5974626
,Hospitals,749,5.985673,,,Aging,12.48672942,-1.414446
,feature,feature_value,shap_value,,,feature,feature_value,shap_value
,non-Hubei flow,71590.878,2.522589,,,non-Hubei flow_lag,10432.05943,11.066944
,Wuhan flow_lag,27263.14736,-1.6108204,,,Highest Temperature,9.714285714,5.2261477
,Relative Humidity,59,-0.72065485,,,Population,286.48,-2.6369345
,Hospitals,888,1.5596745,,,Income,7.544680257,0.83085704
,feature,feature_value,shap_value,,,COVID-19 Hospitals,5,-14.645302
,non-Hubei flow,18826.614,-0.4392054,,,Aging,12.48672942,-1.1618569
,Wuhan flow_lag,1583.211621,-4.9253616,,,feature,feature_value,shap_value
,Relative Humidity,59.07142857,-0.31786248,,,non-Hubei flow_lag,17043.46457,-0.44594172
,Hospitals,85,-0.18643904,,,Highest Temperature,9.857142857,4.344121
,feature,feature_value,shap_value,,,Population,579.71,1.5010015
,non-Hubei flow,23294.466,-0.19373292,,,Income,5.883993721,1.0244546
,Wuhan flow_lag,3201.854373,-5.17639,,,COVID-19 Hospitals,10,-0.75853735
,Relative Humidity,57.28571429,-0.27977726,,,Aging,12.48672942,-1.4553447
,Hospitals,90,-0.1859075,,,feature,feature_value,shap_value
,feature,feature_value,shap_value,,,non-Hubei flow_lag,13584.71829,-1.6766703
,non-Hubei flow,18430.038,-0.4392054,,,Highest Temperature,13.85714286,-2.0924602
,Wuhan flow_lag,1576.804121,-4.9253616,,,Population,474.45,2.472598
,Relative Humidity,58.5,-0.31786248,,,Income,5.041353146,1.8528458
,Hospitals,72,-0.18643904,,,COVID-19 Hospitals,11,-0.80078757
,feature,feature_value,shap_value,,,Aging,12.48672942,-1.5437132
,non-Hubei flow,20930.94,-0.2741136,,,feature,feature_value,shap_value
,Wuhan flow_lag,2713.309505,-5.1889334,,,non-Hubei flow_lag,16637.02971,-1.8036221
,Relative Humidity,71.5,0.97888577,,,Highest Temperature,12.85714286,-2.2751944
,Hospitals,67,-0.20186129,,,Population,545.21,1.3967417
,feature,feature_value,shap_value,,,Income,3.311843143,-0.015692282
,non-Hubei flow,28515.834,-0.30511582,,,COVID-19 Hospitals,11,-2.4027746
,Wuhan flow_lag,4859.811113,-5.3709307,,,Aging,12.48672942,-1.4776357
,Relative Humidity,71.92857143,-0.043627385,,,feature,feature_value,shap_value
,Hospitals,398,1.0193491,,,non-Hubei flow_lag,15216.336,-3.155685
,feature,feature_value,shap_value,,,Highest Temperature,6.714285714,0.45082673
,non-Hubei flow,6194.772,-0.45417753,,,Population,497.96,1.5600901
,Wuhan flow_lag,243.9921808,-5.0488086,,,Income,3.038938871,0.32135636
,Relative Humidity,79.85714286,0.15369,,,COVID-19 Hospitals,14,-2.5063057
,Hospitals,44,-0.14425908,,,Aging,12.48672942,-2.0849771
,feature,feature_value,shap_value,,,feature,feature_value,shap_value
,non-Hubei flow,29029.536,-0.3498498,,,non-Hubei flow_lag,12792.07543,-2.6283154
,Wuhan flow_lag,6899.167367,-4.6177835,,,Highest Temperature,9,3.1395175
,Relative Humidity,80,0.11107056,,,Population,393.18,-1.558877
,Hospitals,185,-0.30910477,,,Income,3.917798464,-0.2301709
,feature,feature_value,shap_value,,,COVID-19 Hospitals,5,-3.7128913
,non-Hubei flow,15273.792,-0.41826853,,,Aging,12.48672942,-1.9757514
,Wuhan flow_lag,3911.740277,-4.1520715,,,feature,feature_value,shap_value
,Relative Humidity,82.92857143,-0.7127061,,,non-Hubei flow_lag,88187.10686,-3.0721698
,Hospitals,99,-0.20791914,,,Highest Temperature,22,-0.36943796
,feature,feature_value,shap_value,,,Population,1490.44,5.910251
,non-Hubei flow,16817.652,-0.41826853,,,Income,15.3373165,-1.5924225
,Wuhan flow_lag,2694.276891,-4.916638,,,COVID-19 Hospitals,8,-0.36458763
,Relative Humidity,87,-0.35207227,,,Aging,8.263458892,-0.39114952
,Hospitals,42,-0.12257696,,,feature,feature_value,shap_value
,feature,feature_value,shap_value,,,non-Hubei flow_lag,9053.254286,10.217882
,non-Hubei flow,33981.444,-0.17730471,,,Highest Temperature,20.85714286,-2.4507396
,Wuhan flow_lag,12564.9958,-4.7021484,,,Population,299.76,-1.739185
,Relative Humidity,49.28571429,-0.30426595,,,Income,4.483286629,-0.8203386
,Hospitals,308,-0.22275214,,,COVID-19 Hospitals,1,-15.359881
,feature,feature_value,shap_value,,,Aging,8.263458892,-0.5221216
,non-Hubei flow,5839.722,-0.41575792,,,feature,feature_value,shap_value
,Wuhan flow_lag,2056.323165,-4.9415536,,,non-Hubei flow_lag,64797.03771,-3.1189063
,Relative Humidity,58.07142857,-0.3410897,,,Highest Temperature,21.85714286,-1.3127983
,Hospitals,30,-0.10056533,,,Population,1302.66,5.1150417
,feature,feature_value,shap_value,,,Income,18.59424562,-2.4371243
,non-Hubei flow,3234.87,-0.433017,,,COVID-19 Hospitals,1,-2.563554
,Wuhan flow_lag,539.6682859,-5.0963674,,,Aging,8.263458892,-0.38971686
,Relative Humidity,54.28571429,-0.3410897,,,feature,feature_value,shap_value
,Hospitals,44,-0.12883681,,,non-Hubei flow_lag,18934.32857,-0.4630326
,feature,feature_value,shap_value,,,Highest Temperature,19.57142857,-2.5006351
,non-Hubei flow,54582.984,1.5279726,,,Population,189.11,-2.8396554
,Wuhan flow_lag,18340.81912,-5.21015,,,Income,15.41293427,-1.827187
,Relative Humidity,50.92857143,-0.68050283,,,COVID-19 Hospitals,1,-2.2215421
,Hospitals,329,0.01254373,,,Aging,8.263458892,-0.1540529
,feature,feature_value,shap_value,,,feature,feature_value,shap_value
,non-Hubei flow,29321.244,-0.20946665,,,non-Hubei flow_lag,45256.32,-1.1567883
,Wuhan flow_lag,2727.041123,-5.196841,,,Highest Temperature,21.85714286,-2.2822974
,Relative Humidity,48.85714286,-0.30389312,,,Population,790.57,0.34750366
,Hospitals,151,-0.13179931,,,Income,12.56799524,-2.609027
,feature,feature_value,shap_value,,,COVID-19 Hospitals,1,-2.6972816
,non-Hubei flow,16173.594,-0.39402333,,,Aging,8.263458892,-0.3443609
,Wuhan flow_lag,6087.851257,-4.3775363,,,feature,feature_value,shap_value
,Relative Humidity,66.07142857,-0.36520556,,,non-Hubei flow_lag,16381.02343,-2.8268762
,Hospitals,127,-0.11480778,,,Highest Temperature,20.85714286,-2.1295512
,feature,feature_value,shap_value,,,Population,733.2,0.93173975
,non-Hubei flow,5704.506,-0.433017,,,Income,4.103096017,0.13841572
,Wuhan flow_lag,1336.308087,-5.025573,,,COVID-19 Hospitals,2,-4.120575
,Relative Humidity,52.71428571,-0.3410897,,,Aging,8.263458892,-0.88216317
,Hospitals,102,-0.1723033,,,feature,feature_value,shap_value
,feature,feature_value,shap_value,,,non-Hubei flow_lag,15024.06514,-1.7453866
,non-Hubei flow,12139.416,-0.2743366,,,Highest Temperature,21.28571429,-2.4374504
,Wuhan flow_lag,2774.492704,-4.920347,,,Population,415.17,-1.7093737
,Relative Humidity,47,-0.3410897,,,Income,5.303369704,1.4941543
,Hospitals,70,-0.18643904,,,COVID-19 Hospitals,1,-2.6830003
,feature,feature_value,shap_value,,,Aging,8.263458892,-0.7503847
,non-Hubei flow,4591.836,-0.433017,,,feature,feature_value,shap_value
,Wuhan flow_lag,602.8982632,-5.0963674,,,non-Hubei flow_lag,30104.04343,-2.5672688
,Relative Humidity,54.57142857,-0.3410897,,,Highest Temperature,22.28571429,-2.179538
,Hospitals,28,-0.12883681,,,Population,483,-0.6443032
,feature,feature_value,shap_value,,,Income,8.494927536,-0.90139735
,non-Hubei flow,15137.658,-0.3288449,,,COVID-19 Hospitals,1,-2.790381
,Wuhan flow_lag,6193.225195,-4.331672,,,Aging,8.263458892,-0.37361804
,Relative Humidity,72.92857143,-0.120157644,,,feature,feature_value,shap_value
,Hospitals,127,-0.09718236,,,non-Hubei flow_lag,6164.794286,0.9916446
,feature,feature_value,shap_value,,,Highest Temperature,21.14285714,-2.366126
,non-Hubei flow,7236.594,-0.44673505,,,Population,255.56,-3.394048
,Wuhan flow_lag,1444.019623,-4.844168,,,Income,5.283729848,1.1253859
,Relative Humidity,77.34920635,0.16224897,,,COVID-19 Hospitals,1,-5.367944
,Hospitals,179,-0.28682384,,,Aging,8.263458892,-0.48664305
,feature,feature_value,shap_value,,,feature,feature_value,shap_value
,non-Hubei flow,7436.178,-0.43691847,,,non-Hubei flow_lag,19375.70914,1.5258754
,Wuhan flow_lag,2955.977226,-4.806674,,,Highest Temperature,21.42857143,-2.9060354
,Relative Humidity,76.89285714,0.15369,,,Population,387.4,-1.9877989
,Hospitals,5,-0.060664505,,,Income,4.040242643,1.4082079
,,,,,,COVID-19 Hospitals,1,-3.660521
,,,,,,Aging,8.263458892,-0.21326804
,,,,,,feature,feature_value,shap_value
,,,,,,non-Hubei flow_lag,22702.72629,2.766977
,,,,,,Highest Temperature,21.42857143,-4.4554014
,,,,,,Population,331,-1.1441132
,,,,,,Income,10.97492447,-0.7198662
,,,,,,COVID-19 Hospitals,1,-2.2195096
,,,,,,Aging,8.263458892,-0.21020451
,,,,,,feature,feature_value,shap_value
,,,,,,non-Hubei flow_lag,11982.95486,-1.3722287
,,,,,,Highest Temperature,15,-2.0682397
,,,,,,Population,392.27,-1.5644163
,,,,,,Income,6.314375303,1.0350786
,,,,,,COVID-19 Hospitals,2,-2.2695208
,,,,,,Aging,10.026516,-0.8060584
,,,,,,feature,feature_value,shap_value
,,,,,,non-Hubei flow_lag,17117.568,-0.14595862
,,,,,,Highest Temperature,12.14285714,-2.18616
,,,,,,Population,496.16,0.65820825
,,,,,,Income,4.180103193,0.8000961
,,,,,,COVID-19 Hospitals,2,-4.237815
,,,,,,Aging,10.026516,-0.33448195
,,,,,,feature,feature_value,shap_value
,,,,,,non-Hubei flow_lag,9647.516571,10.078421
,,,,,,Highest Temperature,19.85714286,-2.4507396
,,,,,,Population,299.94,-1.7613999
,,,,,,Income,3.934120157,-0.45052144
,,,,,,COVID-19 Hospitals,1,-15.3561125
,,,,,,Aging,10.026516,-0.5251878
,,,,,,feature,feature_value,shap_value
,,,,,,non-Hubei flow_lag,5907.723429,1.1626502
,,,,,,Highest Temperature,19.57142857,-2.0494137
,,,,,,Population,162.57,-3.4958503
,,,,,,Income,6.058928462,0.7269856
,,,,,,COVID-19 Hospitals,2,-5.6987433
,,,,,,Aging,10.026516,-0.46324027
,,,,,,feature,feature_value,shap_value
,,,,,,non-Hubei flow_lag,12471.82457,-2.0063026
,,,,,,Highest Temperature,21.14285714,-2.1865146
,,,,,,Population,359.67,-1.8673742
,,,,,,Income,3.097283621,0.17256188
,,,,,,COVID-19 Hospitals,2,-4.3440766
,,,,,,Aging,10.026516,-0.79839134
,,,,,,feature,feature_value,shap_value
,,,,,,non-Hubei flow_lag,12050.208,-1.9095159
,,,,,,Highest Temperature,15.14285714,-2.5507953
,,,,,,Population,347.68,-1.851696
,,,,,,Income,1.890186378,1.7904187
,,,,,,COVID-19 Hospitals,1,-4.0148487
,,,,,,Aging,10.026516,-0.8325274
,,,,,,feature,feature_value,shap_value
,,,,,,non-Hubei flow_lag,16817.17371,-0.31462666
,,,,,,Highest Temperature,23.71428571,-2.4526424
,,,,,,Population,165.23,-2.8618095
,,,,,,Income,9.141862858,0.34237558
,,,,,,COVID-19 Hospitals,1,-2.0387294
,,,,,,Aging,8.213632802,-0.78721654
,,,,,,feature,feature_value,shap_value
,,,,,,non-Hubei flow_lag,9850.618286,10.970552
,,,,,,Highest Temperature,25.71428571,-1.4843447
,,,,,,Population,51.62,-1.0719987
,,,,,,Income,11.53641999,-0.2594664
,,,,,,COVID-19 Hospitals,1,-14.61096
,,,,,,Aging,8.213632802,-0.3683421
,,,,,,feature,feature_value,shap_value
,,,,,,non-Hubei flow_lag,70383.02914,-7.6455817
,,,,,,Highest Temperature,11.77067669,0.5789744
,,,,,,Population,3102,3.139618
,,,,,,Income,6.564474533,-2.2031
,,,,,,COVID-19 Hospitals,42,1.0041189
,,,,,,Aging,14.47119924,0.077863716
,,,,,,feature,feature_value,shap_value
,,,,,,non-Hubei flow_lag,73264.68514,-3.7726936
,,,,,,Highest Temperature,13.14285714,-0.91606057
,,,,,,Population,1604.5,5.450113
,,,,,,Income,9.562337177,-1.10673
,,,,,,COVID-19 Hospitals,3,-3.0063963
,,,,,,Aging,14.98887978,-0.123991184
,,,,,,feature,feature_value,shap_value
,,,,,,non-Hubei flow_lag,13653.49886,-0.93167937
,,,,,,Highest Temperature,12.85714286,-2.319875
,,,,,,Population,353.2,-1.560383
,,,,,,Income,6.268120045,1.262514
,,,,,,COVID-19 Hospitals,1,-2.113825
,,,,,,Aging,14.98887978,0.2906388
,,,,,,feature,feature_value,shap_value
,,,,,,non-Hubei flow_lag,16613.37771,-0.7406851
,,,,,,Highest Temperature,13,-2.4689925
,,,,,,Population,483.56,0.37578768
,,,,,,Income,4.76428985,-0.27632368
,,,,,,COVID-19 Hospitals,1,-4.0455713
,,,,,,Aging,14.98887978,0.19484381
,,,,,,feature,feature_value,shap_value
,,,,,,non-Hubei flow_lag,10768.69543,10.027133
,,,,,,Highest Temperature,14.28571429,-2.2687268
,,,,,,Population,323.59,-1.754401
,,,,,,Income,3.774498594,0.20153967
,,,,,,COVID-19 Hospitals,1,-15.507764
,,,,,,Aging,14.98887978,-0.21446717
,,,,,,feature,feature_value,shap_value
,,,,,,non-Hubei flow_lag,13197.86229,-1.8393534
,,,,,,Highest Temperature,12.42857143,-2.2739322
,,,,,,Population,325,-1.8086804
,,,,,,Income,3.846892308,0.26877785
,,,,,,COVID-19 Hospitals,1,-3.5923831
,,,,,,Aging,14.98887978,0.3973342
,,,,,,feature,feature_value,shap_value
,,,,,,non-Hubei flow_lag,18413.47543,0.8962728
,,,,,,Highest Temperature,12.14285714,-2.6235409
,,,,,,Population,568.95,0.6747262
,,,,,,Income,2.970735566,2.049209
,,,,,,COVID-19 Hospitals,1,-4.677925
,,,,,,Aging,14.98887978,-0.59600556
,,,,,,feature,feature_value,shap_value
,,,,,,non-Hubei flow_lag,4843.568571,0.0460688
,,,,,,Highest Temperature,10.14285714,2.947891
,,,,,,Population,153.78,-3.4627867
,,,,,,Income,4.201456626,-0.75981367
,,,,,,COVID-19 Hospitals,1,-5.382018
,,,,,,Aging,14.98887978,-0.8429795
,,,,,,feature,feature_value,shap_value
,,,,,,non-Hubei flow_lag,31742.04857,-3.0611238
,,,,,,Highest Temperature,12.14285714,-2.257394
,,,,,,Population,488.19,-0.16709325
,,,,,,Income,7.780679653,-0.87232894
,,,,,,COVID-19 Hospitals,15,-2.1355245
,,,,,,Aging,11.34059077,-1.5173252
,,,,,,feature,feature_value,shap_value
,,,,,,non-Hubei flow_lag,14003.37257,-2.9120839
,,,,,,Highest Temperature,7.285714286,0.34385905
,,,,,,Population,316.88,-2.1133986
,,,,,,Income,3.365690482,-0.9243867
,,,,,,COVID-19 Hospitals,11,-3.0176873
,,,,,,Aging,11.34059077,-1.8589339
,,,,,,feature,feature_value,shap_value
,,,,,,non-Hubei flow_lag,15433.97143,-3.1233273
,,,,,,Highest Temperature,10.57142857,3.277718
,,,,,,Population,329.21,-2.1399117
,,,,,,Income,3.989732997,-0.39840987
,,,,,,COVID-19 Hospitals,13,-1.8891034
,,,,,,Aging,11.34059077,-1.7686105
,,,,,,feature,feature_value,shap_value
,,,,,,non-Hubei flow_lag,35822.92114,-6.0396547
,,,,,,Highest Temperature,17.57142857,-2.6487412
,,,,,,Population,678.3,0.6761986
,,,,,,Income,7.676396875,-3.191955
,,,,,,COVID-19 Hospitals,35,5.41625
,,,,,,Aging,10.02930477,-0.37990344
,,,,,,feature,feature_value,shap_value
,,,,,,non-Hubei flow_lag,4697.166857,-1.5651417
,,,,,,Highest Temperature,12.71428571,-1.1649579
,,,,,,Population,129,-2.2676501
,,,,,,Income,2.719069767,-0.21977034
,,,,,,COVID-19 Hospitals,6,-3.1296177
,,,,,,Aging,10.02930477,-0.063201874
,,,,,,feature,feature_value,shap_value
,,,,,,non-Hubei flow_lag,2691.514286,2.5656266
,,,,,,Highest Temperature,24.85714286,-0.74989367
,,,,,,Population,118,-0.9461891
,,,,,,Income,3.54059322,-0.83857167
,,,,,,COVID-19 Hospitals,5,-3.1397564
,,,,,,Aging,10.02930477,0.080023274
,,,,,,feature,feature_value,shap_value
,,,,,,non-Hubei flow_lag,57203.31086,-8.1299305
,,,,,,Highest Temperature,9,1.8854642
,,,,,,Population,961.67,3.2951655
,,,,,,Income,8.682666611,-3.34163
,,,,,,COVID-19 Hospitals,22,5.6487594
,,,,,,Aging,11.16020704,-1.8423455
,,,,,,feature,feature_value,shap_value
,,,,,,non-Hubei flow_lag,24109.39543,-2.3842857
,,,,,,Highest Temperature,8.857142857,3.0234623
,,,,,,Population,437.6,-2.8934724
,,,,,,Income,5.430644424,1.0255111
,,,,,,COVID-19 Hospitals,16,-3.187584
,,,,,,Aging,11.16020704,-1.591649
,,,,,,feature,feature_value,shap_value
,,,,,,non-Hubei flow_lag,17520.3,2.463666
,,,,,,Highest Temperature,0.285714286,-0.13124661
,,,,,,Population,375.36,-1.671494
,,,,,,Income,7.280743819,1.3867217
,,,,,,COVID-19 Hospitals,12,-0.75060135
,,,,,,Aging,11.31673915,-1.649292
,,,,,,feature,feature_value,shap_value
,,,,,,non-Hubei flow_lag,4127.945143,-2.2639
,,,,,,Highest Temperature,-0.714285714,-2.9857361
,,,,,,Population,173.42,-3.607462
,,,,,,Income,2.95006343,-0.32078055
,,,,,,COVID-19 Hospitals,6,-3.0038884
,,,,,,Aging,11.31673915,-1.7208614
,,,,,,feature,feature_value,shap_value
,,,,,,non-Hubei flow_lag,12705.42857,-6.144043
,,,,,,Highest Temperature,0.428571429,0.9709916
,,,,,,Population,222.54,-1.2876991
,,,,,,Income,8.544441449,-1.7326834
,,,,,,COVID-19 Hospitals,141,5.430788
,,,,,,Aging,8.99255055,-1.1410462
,,,,,,feature,feature_value,shap_value
,,,,,,non-Hubei flow_lag,4108.551429,-10.116544
,,,,,,Highest Temperature,0.142857143,-2.1686096
,,,,,,Population,115.75,-2.2728477
,,,,,,Income,3.481555076,0.010195629
,,,,,,COVID-19 Hospitals,53,5.1141386
,,,,,,Aging,8.99255055,-1.2933841
,,,,,,feature,feature_value,shap_value
,,,,,,non-Hubei flow_lag,17187.69086,0.12460016
,,,,,,Highest Temperature,-4.571428571,-3.1991076
,,,,,,Population,350.58,-1.1129469
,,,,,,Income,8.841405671,0.028922576
,,,,,,COVID-19 Hospitals,4,-2.549691
,,,,,,Aging,7.155828221,-0.9101976
,,,,,,feature,feature_value,shap_value
,,,,,,non-Hubei flow_lag,7354.522286,10.935799
,,,,,,Highest Temperature,19.84920635,-1.277507
,,,,,,Population,745,0.6776076
,,,,,,Income,34.11597315,-2.3463876
,,,,,,COVID-19 Hospitals,10,-13.176238
,,,,,,Aging,16.88,-0.54558253
,,,,,,feature,feature_value,shap_value
,,,,,,non-Hubei flow_lag,7025.893714,10.861042
,,,,,,Highest Temperature,19.78571429,-2.0538445
,,,,,,Population,63.2,-1.0821409
,,,,,,Income,60.43196203,-1.2278762
,,,,,,COVID-19 Hospitals,1,-14.637291
,,,,,,Aging,11.1,-1.1938488
